type,uri,notation,prefLabel,collection,inScheme,theme,vmmParameterId,topConceptOf,exactMatch,narrowMatch
skos:Collection,coss:water,,Collectie van verzameling stoffen die in water worden gemeten,,,,,,,
skos:Concept,css:fosfor_totaal,fosfor totaal,Fosfor totaal,coss:water,vlcs:sommatie_stoffen,gemet:9214|gemet:2912,1780,vlcs:sommatie_stoffen,wise:CAS_7723-14-0,
skos:Concept,css:111cea_112cea,"(111CEa,112CEa)","Som 1,1,1-Trichloorethaan en 1,1,2-Trichloorethaan",coss:water,vlcs:sommatie_stoffen,gemet:9214|gemet:2912,1735,vlcs:sommatie_stoffen,,csc:UBOXGVDOUJQMTN-UHFFFAOYSA-N|csc:UOCLXMDMGBRAIB-UHFFFAOYSA-N
skos:Concept,css:11cea__12cea,"(11CEa, 12CEa)","Som van 1,1 dichloorethaan + 1,2 dichloorethaan",coss:water,vlcs:sommatie_stoffen,gemet:9214|gemet:2912,1715,vlcs:sommatie_stoffen,,csc:SCYULBFZEHDVBN-UHFFFAOYSA-N|csc:WSLDOOZREJYCGB-UHFFFAOYSA-N
skos:Concept,css:1235_1245cbz,1235+1245CBz,"1,2,3,5+1,2,4,5-Tetrachloorbenzeen",coss:water,vlcs:sommatie_stoffen,gemet:9214|gemet:2912,1457,vlcs:sommatie_stoffen,,csc:JHBKHLUZVFWLAG-UHFFFAOYSA-N|csc:QZYNWJQFTJXIRN-UHFFFAOYSA-N
skos:Concept,css:12cbz_13cbz,12CBz+13CBz,"Som van 1,2 + 1,3 Dichloorbenzeen",coss:water,vlcs:sommatie_stoffen,gemet:9214|gemet:2912,1761,vlcs:sommatie_stoffen,,csc:RFFLAFLAYFXFSW-UHFFFAOYSA-N|csc:ZPQOPVIELGIULI-UHFFFAOYSA-N
skos:Concept,css:12cbz_14cbz,12CBz+14CBz,"som van 1,2-dichloorbenzeen en 1,4-dichloorbenzeen",coss:water,vlcs:sommatie_stoffen,gemet:9214|gemet:2912,1778,vlcs:sommatie_stoffen,,csc:RFFLAFLAYFXFSW-UHFFFAOYSA-N|csc:OCJBOOLMMGQPQU-UHFFFAOYSA-N
skos:Concept,css:1buteen__,1Buteen (+),"1-Buteen + 1,3-Butadieen",coss:water,vlcs:sommatie_stoffen,gemet:9214|gemet:2912,746,vlcs:sommatie_stoffen,,csc:KAKZBPTYRLMSJV-UHFFFAOYSA-N
skos:Concept,css:1c2_3_4nibzs,1C2+3+4NiBzS,Chloornitrobenzenen,coss:water,vlcs:sommatie_stoffen,gemet:9214|gemet:2912,1210,vlcs:sommatie_stoffen,,csc:BFCFYVKQTRLZHA-UHFFFAOYSA-N|csc:BGDCQZFFNFXYQC-UHFFFAOYSA-N|csc:CMVQZRLQEOAYSW-UHFFFAOYSA-N|csc:CRHGSCXKJPJNAB-UHFFFAOYSA-M|csc:CZGCEKJOLUNIFY-UHFFFAOYSA-N|csc:KGSQRFPDZCBVBS-UHFFFAOYSA-N|csc:KMAQZIILEGKYQZ-UHFFFAOYSA-N|csc:LKPLKUMXSAEKID-UHFFFAOYSA-N|csc:LLYXJBROWQDVMI-UHFFFAOYSA-N|csc:MTBYTWZDRVOMBR-UHFFFAOYSA-N|csc:NSMZCUAVEOTJDS-UHFFFAOYSA-N|csc:NTBYINQTYWZXLH-UHFFFAOYSA-N|csc:NWESJZZPAJGHRZ-UHFFFAOYSA-N|csc:OQMBBFQZGJFLBU-UHFFFAOYSA-N|csc:OSAYFGJUEOYRHY-UHFFFAOYSA-N|csc:QUIMTLZDMCNYGY-UHFFFAOYSA-N|csc:RNABGKOKSBUFHW-UHFFFAOYSA-N|csc:RZKKOBGFCAHLCZ-UHFFFAOYSA-N|csc:SQFLFRQWPBEDHM-UHFFFAOYSA-N|csc:VITSNECNFNNVQB-UHFFFAOYSA-N|csc:VYZAHLCBVHPDDF-UHFFFAOYSA-N|csc:XCSNRORTQRKCHB-UHFFFAOYSA-N|csc:XQTLDIFVVHJORV-UHFFFAOYSA-N
skos:Concept,css:2345_2346cfol,2345+2346CFol,"2,3,4,5+2,3,4,6-Tetrachloorfenol",coss:water,vlcs:sommatie_stoffen,gemet:9214|gemet:2912,793,vlcs:sommatie_stoffen,,csc:VGVRPFIJEJYOFN-UHFFFAOYSA-N|csc:RULKYXXCCZZKDZ-UHFFFAOYSA-N
skos:Concept,css:23_35myfol_4eyfol,23+35MyFol+4EyFol,"2,3+3,5-Dimethylfenol+4-Ethylfenol",coss:water,vlcs:sommatie_stoffen,gemet:9214|gemet:2912,766,vlcs:sommatie_stoffen,,csc:HXDOZKJGKXYMEW-UHFFFAOYSA-N|csc:QWBBPBRQALCEIZ-UHFFFAOYSA-N|csc:QWBBPBRQALCEIZ-UHFFFAOYSA-N
skos:Concept,css:24_25-cfol,24+25-CFol,"2,4+2,5-Dichloorfenol",coss:water,vlcs:sommatie_stoffen,gemet:9214|gemet:2912,922,vlcs:sommatie_stoffen,,csc:HFZWRUODUSTPEG-UHFFFAOYSA-N|csc:RANCECPPZPIPNO-UHFFFAOYSA-N
skos:Concept,css:24_25myfol,24+25MyFol,"2,4+2,5-Dimethylfenol",coss:water,vlcs:sommatie_stoffen,gemet:9214|gemet:2912,765,vlcs:sommatie_stoffen,,csc:KUFFULVDNCHOFZ-UHFFFAOYSA-N|csc:NKTOLZVEWDHZMU-UHFFFAOYSA-N
skos:Concept,css:2_3_4cfol,2+3+4CFol,"som 2-chloorfenol, 3-chloorfenol en 4-chloorfenol",coss:water,vlcs:sommatie_stoffen,gemet:9214|gemet:2912,1779,vlcs:sommatie_stoffen,,csc:ISPYQTSUDJAMAB-UHFFFAOYSA-N|csc:HORNXRXVQWOLPJ-UHFFFAOYSA-N|csc:WXNZTHHGJRFXKQ-UHFFFAOYSA-N
skos:Concept,css:3_4cfol,3+4CFol,3+4-Chloorfenol,coss:water,vlcs:sommatie_stoffen,gemet:9214|gemet:2912,794,vlcs:sommatie_stoffen,,csc:HORNXRXVQWOLPJ-UHFFFAOYSA-N|csc:WXNZTHHGJRFXKQ-UHFFFAOYSA-N
skos:Concept,css:3_4eyfol,3+4EyFol,3+4-Ethylfenol,coss:water,vlcs:sommatie_stoffen,gemet:9214|gemet:2912,785,vlcs:sommatie_stoffen,,csc:HMNKTRSOROOSPP-UHFFFAOYSA-N|csc:HXDOZKJGKXYMEW-UHFFFAOYSA-N
skos:Concept,css:3_4myfol,3+4MyFol,3+4-Methylfenol,coss:water,vlcs:sommatie_stoffen,gemet:9214|gemet:2912,786,vlcs:sommatie_stoffen,,csc:IWDCLRJOBJJRNH-UHFFFAOYSA-N|csc:RLSSMJSEOOYNOY-UHFFFAOYSA-N
skos:Concept,css:4eyfol___35myfol,4EyFol + 35MyFol,"4-ethylfenol + 3,5 dimethylfenol",coss:water,vlcs:sommatie_stoffen,gemet:9214|gemet:2912,1668,vlcs:sommatie_stoffen,,csc:HXDOZKJGKXYMEW-UHFFFAOYSA-N|csc:QWBBPBRQALCEIZ-UHFFFAOYSA-N
skos:Concept,css:7_metalen_opg_,7 metalen opg.,"som van 7 metalen opgelost ...,Cu,Hg,Pb",coss:water,vlcs:sommatie_stoffen,gemet:9214|gemet:2912,1707,vlcs:sommatie_stoffen,,
skos:Concept,css:7_metalen_totaal,7 metalen totaal,"som 7 metalen totaal Cr,Zn,Pb,Ni,As,Mn,Cu",coss:water,vlcs:sommatie_stoffen,gemet:9214|gemet:2912,1769,vlcs:sommatie_stoffen,,
skos:Concept,css:8_metalen_totaal,8 metalen totaal,"som van 8 totale metalen Cr,Cu,Pb,Mn,Fe,Zn,Ni,Co",coss:water,vlcs:sommatie_stoffen,gemet:9214|gemet:2912,1689,vlcs:sommatie_stoffen,,
skos:Concept,css:9_metalen_totaal,9 metalen totaal,"som van 9 metalen t ...,Sb,Ba,Se,As",coss:water,vlcs:sommatie_stoffen,gemet:9214|gemet:2912,1706,vlcs:sommatie_stoffen,,
skos:Concept,css:ac_acrol,Ac+Acrol,Aceton+Acroleïne,coss:water,vlcs:sommatie_stoffen,gemet:9214|gemet:2912,1100,vlcs:sommatie_stoffen,,csc:CSCPPACGZOOCGX-UHFFFAOYSA-N
skos:Concept,css:acrylaatpolymeren,acrylaatpolymeren,acrylaatpolymeren,coss:water,vlcs:sommatie_stoffen,gemet:9214|gemet:2912,1723,vlcs:sommatie_stoffen,,
skos:Concept,css:adeidrin,ADEIdrin,Aldrin+Dieldrin+Endrin+Isodrin,coss:water,vlcs:sommatie_stoffen,gemet:9214|gemet:2912,996,vlcs:sommatie_stoffen,,csc:QBYJBZPUGVGKQQ-UHFFFAOYSA-N|csc:DFBKLUNHFCTMDC-UHFFFAOYSA-N|csc:QBYJBZPUGVGKQQ-SEIHLVFNSA-N
skos:Concept,css:aeo_c10,AEO C10,Alkylethoxylaat C10,coss:water,vlcs:sommatie_stoffen,gemet:9214|gemet:2912,2103,vlcs:sommatie_stoffen,,
skos:Concept,css:aeo_c10_vertakt,AEO C10 vertakt,Alkylethoxylaat C10 vertakt,coss:water,vlcs:sommatie_stoffen,gemet:9214|gemet:2912,1837,vlcs:sommatie_stoffen,,
skos:Concept,css:aeo_c11,AEO C11,Alkylethoxylaat C11,coss:water,vlcs:sommatie_stoffen,gemet:9214|gemet:2912,2104,vlcs:sommatie_stoffen,,
skos:Concept,css:aeo_c11_vertakt,AEO C11 vertakt,Alkylethoxylaat C11 vertakt,coss:water,vlcs:sommatie_stoffen,gemet:9214|gemet:2912,1838,vlcs:sommatie_stoffen,,
skos:Concept,css:aeo_c12,AEO C12,Alkylethoxylaat C12,coss:water,vlcs:sommatie_stoffen,gemet:9214|gemet:2912,2105,vlcs:sommatie_stoffen,,
skos:Concept,css:aeo_c12_vertakt,AEO C12 vertakt,Alkylethoxylaat C12 vertakt,coss:water,vlcs:sommatie_stoffen,gemet:9214|gemet:2912,1839,vlcs:sommatie_stoffen,,
skos:Concept,css:aeo_c13,AEO C13,Alkylethoxylaat C13,coss:water,vlcs:sommatie_stoffen,gemet:9214|gemet:2912,2106,vlcs:sommatie_stoffen,,
skos:Concept,css:aeo_c13_vertakt,AEO C13 vertakt,Alkylethoxylaat C13 vertakt,coss:water,vlcs:sommatie_stoffen,gemet:9214|gemet:2912,1840,vlcs:sommatie_stoffen,,
skos:Concept,css:aeo_c14,AEO C14,Alkylethoxylaat C14,coss:water,vlcs:sommatie_stoffen,gemet:9214|gemet:2912,2107,vlcs:sommatie_stoffen,,
skos:Concept,css:aeo_c14_vertakt,AEO C14 vertakt,Alkylethoxylaat C14 vertakt,coss:water,vlcs:sommatie_stoffen,gemet:9214|gemet:2912,1841,vlcs:sommatie_stoffen,,
skos:Concept,css:aeo_c15,AEO C15,Alkylethoxylaat C15,coss:water,vlcs:sommatie_stoffen,gemet:9214|gemet:2912,2108,vlcs:sommatie_stoffen,,
skos:Concept,css:aeo_c15_vertakt,AEO C15 vertakt,Alkylethoxylaat C15 vertakt,coss:water,vlcs:sommatie_stoffen,gemet:9214|gemet:2912,1842,vlcs:sommatie_stoffen,,
skos:Concept,css:aeo_c16,AEO C16,Alkylethoxylaat C16,coss:water,vlcs:sommatie_stoffen,gemet:9214|gemet:2912,1843,vlcs:sommatie_stoffen,,
skos:Concept,css:aeo_c17,AEO C17,Alkylethoxylaat C17,coss:water,vlcs:sommatie_stoffen,gemet:9214|gemet:2912,2102,vlcs:sommatie_stoffen,,
skos:Concept,css:aeo_c18,AEO C18,Alkylethoxylaat C18,coss:water,vlcs:sommatie_stoffen,gemet:9214|gemet:2912,1844,vlcs:sommatie_stoffen,,
skos:Concept,css:aes,AES,Alkylethersulfaten,coss:water,vlcs:sommatie_stoffen,gemet:9214|gemet:2912,1152,vlcs:sommatie_stoffen,,
skos:Concept,css:aisurf,AISurf,"Surfactanten, anionische",coss:water,vlcs:sommatie_stoffen,gemet:9214|gemet:2912,618,vlcs:sommatie_stoffen,,
skos:Concept,css:al_comp_,Al.comp.,Alifatische component,coss:water,vlcs:sommatie_stoffen,gemet:9214|gemet:2912,1256,vlcs:sommatie_stoffen,,
skos:Concept,css:alcoholen,alcoholen,alcoholen,coss:water,vlcs:sommatie_stoffen,gemet:9214|gemet:2912,1719,vlcs:sommatie_stoffen,,
skos:Concept,css:alif__ox,alif. OX,alifatische organohalogenen; gehalogeneerde alifat,coss:water,vlcs:sommatie_stoffen,gemet:9214|gemet:2912,1684,vlcs:sommatie_stoffen,,
skos:Concept,css:alk__gt_c13,Alk >C13,Alkanen >C13,coss:water,vlcs:sommatie_stoffen,gemet:9214|gemet:2912,1382,vlcs:sommatie_stoffen,,
skos:Concept,css:alk_c10-12,Alk C10-12,Alkanen C10-C12,coss:water,vlcs:sommatie_stoffen,gemet:9214|gemet:2912,1381,vlcs:sommatie_stoffen,,
skos:Concept,css:alk_c10-14,Alk C10-14,Alkanen C10-C14,coss:water,vlcs:sommatie_stoffen,gemet:9214|gemet:2912,1856,vlcs:sommatie_stoffen,,
skos:Concept,css:alkanen_alkenen,Alkanen+Alkenen,Alkanen en Alkenen,coss:water,vlcs:sommatie_stoffen,gemet:9214|gemet:2912,1678,vlcs:sommatie_stoffen,,
skos:Concept,css:anmvos_t,ANMVOS t,"Aromatische NMVOS, totaal",coss:water,vlcs:sommatie_stoffen,gemet:9214|gemet:2912,1171,vlcs:sommatie_stoffen,,
skos:Concept,css:aox,AOX,Adsorbeerbare organohalogenen,coss:water,vlcs:sommatie_stoffen,gemet:9214|gemet:2912,284,vlcs:sommatie_stoffen,,
skos:Concept,css:apeo,APEO,Alkylfenolethoxylaat,coss:water,vlcs:sommatie_stoffen,gemet:9214|gemet:2912,881,vlcs:sommatie_stoffen,,
skos:Concept,css:apeo_c10,APEO C10,Alkylfenolethoxylaat C10,coss:water,vlcs:sommatie_stoffen,gemet:9214|gemet:2912,1827,vlcs:sommatie_stoffen,,
skos:Concept,css:apeo_c11,APEO C11,Alkylfenolethoxylaat C11,coss:water,vlcs:sommatie_stoffen,gemet:9214|gemet:2912,1828,vlcs:sommatie_stoffen,,
skos:Concept,css:apeo_c12,APEO C12,Alkylfenolethoxylaat C12,coss:water,vlcs:sommatie_stoffen,gemet:9214|gemet:2912,1829,vlcs:sommatie_stoffen,,
skos:Concept,css:apeo_c13,APEO C13,Alkylfenolethoxylaat C13,coss:water,vlcs:sommatie_stoffen,gemet:9214|gemet:2912,1830,vlcs:sommatie_stoffen,,
skos:Concept,css:apeo_c14,APEO C14,Alkylfenolethoxylaat C14,coss:water,vlcs:sommatie_stoffen,gemet:9214|gemet:2912,1831,vlcs:sommatie_stoffen,,
skos:Concept,css:apeo_c15,APEO C15,Alkylfenolethoxylaat C15,coss:water,vlcs:sommatie_stoffen,gemet:9214|gemet:2912,1832,vlcs:sommatie_stoffen,,
skos:Concept,css:apeo_c16,APEO C16,Alkylfenolethoxylaat C16,coss:water,vlcs:sommatie_stoffen,gemet:9214|gemet:2912,1833,vlcs:sommatie_stoffen,,
skos:Concept,css:apeo_c17,APEO C17,Alkylfenolethoxylaat C17,coss:water,vlcs:sommatie_stoffen,gemet:9214|gemet:2912,1834,vlcs:sommatie_stoffen,,
skos:Concept,css:apeo_c18,APEO C18,Alkylfenolethoxylaat C18,coss:water,vlcs:sommatie_stoffen,gemet:9214|gemet:2912,1835,vlcs:sommatie_stoffen,,
skos:Concept,css:apeo_c19,APEO C19,Alkylfenolethoxylaat C19,coss:water,vlcs:sommatie_stoffen,gemet:9214|gemet:2912,1836,vlcs:sommatie_stoffen,,
skos:Concept,css:apeo_c6,APEO C6,Alkylfenolethoxylaat C6,coss:water,vlcs:sommatie_stoffen,gemet:9214|gemet:2912,1823,vlcs:sommatie_stoffen,,
skos:Concept,css:apeo_c7,APEO C7,Alkylfenolethoxylaat C7,coss:water,vlcs:sommatie_stoffen,gemet:9214|gemet:2912,1824,vlcs:sommatie_stoffen,,
skos:Concept,css:apeo_c8,APEO C8,Alkylfenolethoxylaat C8,coss:water,vlcs:sommatie_stoffen,gemet:9214|gemet:2912,1825,vlcs:sommatie_stoffen,,
skos:Concept,css:apeo_c9,APEO C9,Alkylfenolethoxylaat C9,coss:water,vlcs:sommatie_stoffen,gemet:9214|gemet:2912,1826,vlcs:sommatie_stoffen,,
skos:Concept,css:arom__gt_c13,Arom >C13,Aromaten >C13,coss:water,vlcs:sommatie_stoffen,gemet:9214|gemet:2912,1386,vlcs:sommatie_stoffen,,
skos:Concept,css:arom_c10,Arom C10,Aromaten C10,coss:water,vlcs:sommatie_stoffen,gemet:9214|gemet:2912,1385,vlcs:sommatie_stoffen,,
skos:Concept,css:arom_c9,Arom C9,Aromaten C9,coss:water,vlcs:sommatie_stoffen,gemet:9214|gemet:2912,1384,vlcs:sommatie_stoffen,,
skos:Concept,css:arom_c9-c10,Arom C9-C10,C9-C10 aromaten,coss:water,vlcs:sommatie_stoffen,gemet:9214|gemet:2912,1665,vlcs:sommatie_stoffen,,
skos:Concept,css:arom_kws__mak___pak,arom KWS = MAK + PAK,aromatische koolwaterstoffen,coss:water,vlcs:sommatie_stoffen,gemet:9214|gemet:2912,1696,vlcs:sommatie_stoffen,,
skos:Concept,css:arom_vlucht,Arom vlucht,Vluchtige aromaten,coss:water,vlcs:sommatie_stoffen,gemet:9214|gemet:2912,1734,vlcs:sommatie_stoffen,,
skos:Concept,css:arom_vlucht_i,Arom vlucht i,"Vluchtige aromaten, individueel",coss:water,vlcs:sommatie_stoffen,gemet:9214|gemet:2912,1743,vlcs:sommatie_stoffen,,
skos:Concept,css:aromaten,Aromaten,Aromaten,coss:water,vlcs:sommatie_stoffen,gemet:9214|gemet:2912,1729,vlcs:sommatie_stoffen,,
skos:Concept,css:as,AS,Alkylsulfaten,coss:water,vlcs:sommatie_stoffen,gemet:9214|gemet:2912,1151,vlcs:sommatie_stoffen,,
skos:Concept,css:asbest,Asbest,Asbest,coss:water,vlcs:sommatie_stoffen,gemet:9214|gemet:2912,955,vlcs:sommatie_stoffen,,
skos:Concept,css:au_mo,Au mo,"Goud, multi opgelost",coss:water,vlcs:sommatie_stoffen,gemet:9214|gemet:2912,1988,vlcs:sommatie_stoffen,,
skos:Concept,css:au_mt,Au mt,"Goud, multi totaal",coss:water,vlcs:sommatie_stoffen,gemet:9214|gemet:2912,1920,vlcs:sommatie_stoffen,,
skos:Concept,css:b_rer24_lc,B.rer24 LC,Brachydanio rerio - LC50 (24h),coss:water,vlcs:sommatie_stoffen,gemet:9214|gemet:2912,53,vlcs:sommatie_stoffen,,
skos:Concept,css:b_rer48_lc,B.rer48 LC,Brachydanio rerio - LC50 (48h),coss:water,vlcs:sommatie_stoffen,gemet:9214|gemet:2912,54,vlcs:sommatie_stoffen,,
skos:Concept,css:b_rer96_lc,B.rer96 LC,Brachydanio rerio - LC50 (96h),coss:water,vlcs:sommatie_stoffen,gemet:9214|gemet:2912,55,vlcs:sommatie_stoffen,,
skos:Concept,css:bap___bbflu_som,B(a)P + B(b)Flu som,PAK som benzo(a)pyreen + benzo(b)fluorantheen,coss:water,vlcs:sommatie_stoffen,gemet:9214|gemet:2912,1787,vlcs:sommatie_stoffen,,
skos:Concept,css:basurf,BASurf,"Surfactanten, bio-afbreekbaar",coss:water,vlcs:sommatie_stoffen,gemet:9214|gemet:2912,491,vlcs:sommatie_stoffen,,
skos:Concept,css:bc,BC,Zwarte koolstof,coss:water,vlcs:sommatie_stoffen,gemet:9214|gemet:2912,1286,vlcs:sommatie_stoffen,,
skos:Concept,css:bde,BDE,Polybroomdifenylether,coss:water,vlcs:sommatie_stoffen,gemet:9214|gemet:2912,919,vlcs:sommatie_stoffen,,
skos:Concept,css:bde_85_154,BDE 85+154,BDE 85+154,coss:water,vlcs:sommatie_stoffen,gemet:9214|gemet:2912,954,vlcs:sommatie_stoffen,,
skos:Concept,css:bde_t_6,BDE t (6),"Polybroomdifenylether, totaal (6)",coss:water,vlcs:sommatie_stoffen,gemet:9214|gemet:2912,1388,vlcs:sommatie_stoffen,,
skos:Concept,css:be_mo,Be mo,"Beryllium, multi opgelost",coss:water,vlcs:sommatie_stoffen,gemet:9214|gemet:2912,1995,vlcs:sommatie_stoffen,,
skos:Concept,css:bflu_som,BFlu som,PAK Benzo(b+k)fluorantheen (b),coss:water,vlcs:sommatie_stoffen,gemet:9214|gemet:2912,1224,vlcs:sommatie_stoffen,,
skos:Concept,css:bi_mo,Bi mo,"Bismut, multi opgelost",coss:water,vlcs:sommatie_stoffen,gemet:9214|gemet:2912,1996,vlcs:sommatie_stoffen,,
skos:Concept,css:bi_mt,Bi mt,"Bismut, multi totaal",coss:water,vlcs:sommatie_stoffen,gemet:9214|gemet:2912,1924,vlcs:sommatie_stoffen,,
skos:Concept,css:biociden,biociden,Biociden,coss:water,vlcs:sommatie_stoffen,gemet:9214|gemet:2912,1666,vlcs:sommatie_stoffen,,
skos:Concept,css:bjflu_bep,B(j)Flu+B(e)P,Benzo(j)fluorantheen+Benzo(e)pyreen,coss:water,vlcs:sommatie_stoffen,gemet:9214|gemet:2912,1299,vlcs:sommatie_stoffen,,
skos:Concept,css:bpe___ip_som,BPe + IP som,"PAK Benzo(g,h,i)peryleen + Indeno(1,2,3-cd)pyreen",coss:water,vlcs:sommatie_stoffen,gemet:9214|gemet:2912,1225,vlcs:sommatie_stoffen,,
skos:Concept,css:br-_i-,Br-+I-,Bromide + Iodide,coss:water,vlcs:sommatie_stoffen,gemet:9214|gemet:2912,460,vlcs:sommatie_stoffen,,
skos:Concept,css:bs,BS,Bezinkbare stoffen,coss:water,vlcs:sommatie_stoffen,gemet:9214|gemet:2912,73,vlcs:sommatie_stoffen,,
skos:Concept,css:btbdpe,BTBDPE,bis(Tribroomdifenoxy)-ethaan,coss:water,vlcs:sommatie_stoffen,gemet:9214|gemet:2912,1000,vlcs:sommatie_stoffen,,
skos:Concept,css:btex,BTEX,"Benzeen, tolueen, ethylbenzeen, xylenen",coss:water,vlcs:sommatie_stoffen,gemet:9214|gemet:2912,906,vlcs:sommatie_stoffen,,
skos:Concept,css:buta_tria_ala_acet,"(Buta,Tria,Ala,Acet)","Som van Butachloor, Triallat,Alachloor,Acetochloor",coss:water,vlcs:sommatie_stoffen,gemet:9214|gemet:2912,1716,vlcs:sommatie_stoffen,,
skos:Concept,css:butanol,Butanol,Som van  1-Butanol en 2-Butanol,coss:water,vlcs:sommatie_stoffen,gemet:9214|gemet:2912,1760,vlcs:sommatie_stoffen,,
skos:Concept,css:c10eo,C10EO,Decanolpolyethoxylaat,coss:water,vlcs:sommatie_stoffen,gemet:9214|gemet:2912,1104,vlcs:sommatie_stoffen,,
skos:Concept,css:c10peo,C10PEO,Decylfenolpolyethoxylaat,coss:water,vlcs:sommatie_stoffen,gemet:9214|gemet:2912,1113,vlcs:sommatie_stoffen,,
skos:Concept,css:c11eo,C11EO,Undecanolpolyethoxylaat,coss:water,vlcs:sommatie_stoffen,gemet:9214|gemet:2912,1105,vlcs:sommatie_stoffen,,
skos:Concept,css:c12admba,C12ADMBA,Dodecyldimethylbenzylammonium,coss:water,vlcs:sommatie_stoffen,gemet:9214|gemet:2912,1119,vlcs:sommatie_stoffen,,
skos:Concept,css:c12eo,C12EO,Dodecanolpolyethoxylaat,coss:water,vlcs:sommatie_stoffen,gemet:9214|gemet:2912,1106,vlcs:sommatie_stoffen,,
skos:Concept,css:c12quin,C12Quin,Dodecylquinolinium,coss:water,vlcs:sommatie_stoffen,gemet:9214|gemet:2912,1134,vlcs:sommatie_stoffen,,
skos:Concept,css:c13eo,C13EO,Tridecanolpolyethoxylaat,coss:water,vlcs:sommatie_stoffen,gemet:9214|gemet:2912,1107,vlcs:sommatie_stoffen,,
skos:Concept,css:c14admba,C14ADMBA,Tetradecyldimethylbenzylammonium,coss:water,vlcs:sommatie_stoffen,gemet:9214|gemet:2912,1123,vlcs:sommatie_stoffen,,
skos:Concept,css:c14atma,C14ATMA,Tetradecyltrimethylammonium,coss:water,vlcs:sommatie_stoffen,gemet:9214|gemet:2912,1117,vlcs:sommatie_stoffen,,
skos:Concept,css:c14dadma,C14DADMA,Ditetradecyldimethylammonium,coss:water,vlcs:sommatie_stoffen,gemet:9214|gemet:2912,1129,vlcs:sommatie_stoffen,,
skos:Concept,css:c14eo,C14EO,Tetradecanolpolyethoxylaat,coss:water,vlcs:sommatie_stoffen,gemet:9214|gemet:2912,1108,vlcs:sommatie_stoffen,,
skos:Concept,css:c14isoquin,C14isoQuin,Tetradecylisoquinolinium,coss:water,vlcs:sommatie_stoffen,gemet:9214|gemet:2912,1138,vlcs:sommatie_stoffen,,
skos:Concept,css:c14pyr,C14Pyr,Tetradecylpyridinium,coss:water,vlcs:sommatie_stoffen,gemet:9214|gemet:2912,1132,vlcs:sommatie_stoffen,,
skos:Concept,css:c14quin,C14Quin,Tetradecylquinolinium,coss:water,vlcs:sommatie_stoffen,gemet:9214|gemet:2912,1135,vlcs:sommatie_stoffen,,
skos:Concept,css:c15eo,C15EO,Pentadecanolpolyethoxylaat,coss:water,vlcs:sommatie_stoffen,gemet:9214|gemet:2912,1109,vlcs:sommatie_stoffen,,
skos:Concept,css:c16:1admba,C16:1ADMBA,Hexadecenyldimethylbenzylammonium,coss:water,vlcs:sommatie_stoffen,gemet:9214|gemet:2912,1144,vlcs:sommatie_stoffen,,
skos:Concept,css:c16:1atma,C16:1ATMA,Hexadecenyltrimethylammonium,coss:water,vlcs:sommatie_stoffen,gemet:9214|gemet:2912,1141,vlcs:sommatie_stoffen,,
skos:Concept,css:c16admba,C16ADMBA,Hexadecyldimethylbenzylammonium,coss:water,vlcs:sommatie_stoffen,gemet:9214|gemet:2912,1126,vlcs:sommatie_stoffen,,
skos:Concept,css:c16eo,C16EO,Hexadecanolpolyethoxylaat,coss:water,vlcs:sommatie_stoffen,gemet:9214|gemet:2912,1110,vlcs:sommatie_stoffen,,
skos:Concept,css:c16isoquin,C16isoQuin,Hexadecylisoquinolinium,coss:water,vlcs:sommatie_stoffen,gemet:9214|gemet:2912,1139,vlcs:sommatie_stoffen,,
skos:Concept,css:c16quin,C16Quin,Hexadecylquinolinium,coss:water,vlcs:sommatie_stoffen,gemet:9214|gemet:2912,1136,vlcs:sommatie_stoffen,,
skos:Concept,css:c18:1admba,C18:1ADMBA,Octadecenyldimethylbenzylammonium,coss:water,vlcs:sommatie_stoffen,gemet:9214|gemet:2912,1145,vlcs:sommatie_stoffen,,
skos:Concept,css:c18:1atma,C18:1ATMA,Octadecenyltrimethylammonium,coss:water,vlcs:sommatie_stoffen,gemet:9214|gemet:2912,1142,vlcs:sommatie_stoffen,,
skos:Concept,css:c18:1dadma,C18:1DADMA,Dioctadecenyldimethylammonium,coss:water,vlcs:sommatie_stoffen,gemet:9214|gemet:2912,1148,vlcs:sommatie_stoffen,,
skos:Concept,css:c18:2admba,C18:2ADMBA,Octadecadienyldimethylbenzylammonium,coss:water,vlcs:sommatie_stoffen,gemet:9214|gemet:2912,1146,vlcs:sommatie_stoffen,,
skos:Concept,css:c18:2atma,C18:2ATMA,Octadecadienyltrimethylammonium,coss:water,vlcs:sommatie_stoffen,gemet:9214|gemet:2912,1143,vlcs:sommatie_stoffen,,
skos:Concept,css:c18:2dadma,C18:2DADMA,Dioctadecadienyldimethylammonium,coss:water,vlcs:sommatie_stoffen,gemet:9214|gemet:2912,1149,vlcs:sommatie_stoffen,,
skos:Concept,css:c18admba,C18ADMBA,Octadecyldimethylbenzylammonium,coss:water,vlcs:sommatie_stoffen,gemet:9214|gemet:2912,1127,vlcs:sommatie_stoffen,,
skos:Concept,css:c18atma,C18ATMA,Octadecyltrimethylammonium,coss:water,vlcs:sommatie_stoffen,gemet:9214|gemet:2912,1124,vlcs:sommatie_stoffen,,
skos:Concept,css:c18dadma,C18DADMA,Dioctadecyldimethylammonium,coss:water,vlcs:sommatie_stoffen,gemet:9214|gemet:2912,1131,vlcs:sommatie_stoffen,,
skos:Concept,css:c18eo,C18EO,Octadecanolpolyethoxylaat,coss:water,vlcs:sommatie_stoffen,gemet:9214|gemet:2912,1192,vlcs:sommatie_stoffen,,
skos:Concept,css:c18isoquin,C18isoQuin,Octadecylisoquinolinium,coss:water,vlcs:sommatie_stoffen,gemet:9214|gemet:2912,1140,vlcs:sommatie_stoffen,,
skos:Concept,css:c18pyr,C18Pyr,Octadecylpyridinium,coss:water,vlcs:sommatie_stoffen,gemet:9214|gemet:2912,1133,vlcs:sommatie_stoffen,,
skos:Concept,css:c18quin,C18Quin,Octadecylquinolinium,coss:water,vlcs:sommatie_stoffen,gemet:9214|gemet:2912,1137,vlcs:sommatie_stoffen,,
skos:Concept,css:c9peo,C9PEO,Nonylfenolpolyethoxylaat,coss:water,vlcs:sommatie_stoffen,gemet:9214|gemet:2912,1112,vlcs:sommatie_stoffen,,
skos:Concept,css:ca_mo,Ca mo,"Calcium, multi opgelost",coss:water,vlcs:sommatie_stoffen,gemet:9214|gemet:2912,1997,vlcs:sommatie_stoffen,,
skos:Concept,css:calux,Calux,Dr-Calux,coss:water,vlcs:sommatie_stoffen,gemet:9214|gemet:2912,1010,vlcs:sommatie_stoffen,,
skos:Concept,css:can_i,CAn i,"Chlooranilines, individueel",coss:water,vlcs:sommatie_stoffen,gemet:9214|gemet:2912,1676,vlcs:sommatie_stoffen,,
skos:Concept,css:cans,CAnS,Chlooranilines,coss:water,vlcs:sommatie_stoffen,gemet:9214|gemet:2912,1206,vlcs:sommatie_stoffen,,
skos:Concept,css:cbzsom,CBzsom,Dichloorbenzenen,coss:water,vlcs:sommatie_stoffen,gemet:9214|gemet:2912,1218,vlcs:sommatie_stoffen,,
skos:Concept,css:ccl4,CCl4,Koolstoftetrachloride,coss:water,vlcs:sommatie_stoffen,gemet:9214|gemet:2912,993,vlcs:sommatie_stoffen,,
skos:Concept,css:cd_cr_cu_ni_pb_zn,"(Cd,Cr,Cu,Ni,Pb,Zn)","Som van 6 totale metalen Cd,Cr,Cu,Ni,Pb en Zn",coss:water,vlcs:sommatie_stoffen,gemet:9214|gemet:2912,1697,vlcs:sommatie_stoffen,,
skos:Concept,css:cd_mo,Cd mo,"Cadmium, multi opgelost",coss:water,vlcs:sommatie_stoffen,gemet:9214|gemet:2912,1998,vlcs:sommatie_stoffen,,
skos:Concept,css:ce_mo,Ce mo,"Cerium, multi opgelost",coss:water,vlcs:sommatie_stoffen,gemet:9214|gemet:2912,1999,vlcs:sommatie_stoffen,,
skos:Concept,css:cfk,CFK,Chloorfluorkoolstoffen,coss:water,vlcs:sommatie_stoffen,gemet:9214|gemet:2912,1173,vlcs:sommatie_stoffen,,
skos:Concept,css:cfk_ind,CFK ind,CFK individueel,coss:water,vlcs:sommatie_stoffen,gemet:9214|gemet:2912,1754,vlcs:sommatie_stoffen,,
skos:Concept,css:cfk_tot,CFK tot,CFK totaal,coss:water,vlcs:sommatie_stoffen,gemet:9214|gemet:2912,1755,vlcs:sommatie_stoffen,,
skos:Concept,css:cfols,CFolS,Chloorfenolen,coss:water,vlcs:sommatie_stoffen,gemet:9214|gemet:2912,1208,vlcs:sommatie_stoffen,,
skos:Concept,css:chol,Chol,Cholinesteraseremmers,coss:water,vlcs:sommatie_stoffen,gemet:9214|gemet:2912,290,vlcs:sommatie_stoffen,,
skos:Concept,css:cl,Cl,Chloor,coss:water,vlcs:sommatie_stoffen,gemet:9214|gemet:2912,887,vlcs:sommatie_stoffen,,
skos:Concept,css:cl-verb,Cl-verb,Chloorverbindingen,coss:water,vlcs:sommatie_stoffen,gemet:9214|gemet:2912,1162,vlcs:sommatie_stoffen,,
skos:Concept,css:cl__gebonden,"Cl, gebonden","Chloor, gebonden",coss:water,vlcs:sommatie_stoffen,gemet:9214|gemet:2912,1731,vlcs:sommatie_stoffen,,
skos:Concept,css:cl_an_,Cl an.,Chloor en zijn anorganische verbindingen,coss:water,vlcs:sommatie_stoffen,gemet:9214|gemet:2912,1332,vlcs:sommatie_stoffen,,
skos:Concept,css:cl_en_so4,Cl en SO4,Sulfaten en chloriden,coss:water,vlcs:sommatie_stoffen,gemet:9214|gemet:2912,1714,vlcs:sommatie_stoffen,,
skos:Concept,css:cl_ot,Cl ot,"Chloor, organisch totaal",coss:water,vlcs:sommatie_stoffen,gemet:9214|gemet:2912,505,vlcs:sommatie_stoffen,,
skos:Concept,css:cl_v,Cl v,"Chloorresten, vrij",coss:water,vlcs:sommatie_stoffen,gemet:9214|gemet:2912,23,vlcs:sommatie_stoffen,,
skos:Concept,css:clfyl_t,Clfyl t,"Chlorofyl, totaal",coss:water,vlcs:sommatie_stoffen,gemet:9214|gemet:2912,120,vlcs:sommatie_stoffen,,
skos:Concept,css:cnitol,CNiTol,Chloornitrotoluenen,coss:water,vlcs:sommatie_stoffen,gemet:9214|gemet:2912,482,vlcs:sommatie_stoffen,,
skos:Concept,css:cnyl_t,Cnyl t,"Carbonylverbindingen, totaal",coss:water,vlcs:sommatie_stoffen,gemet:9214|gemet:2912,1103,vlcs:sommatie_stoffen,,
skos:Concept,css:co_cr_cu_ni_pb_zn,"(Co,Cr,Cu,Ni,Pb,Zn)","Som van 6 metalen t Co,Cr,Cu,Ni,Pb,Zn",coss:water,vlcs:sommatie_stoffen,gemet:9214|gemet:2912,1712,vlcs:sommatie_stoffen,,
skos:Concept,css:co_cr_ni_pb_zn,"(Co,Cr,Ni,Pb,Zn)","Som van 5 metalen t Co,Cr,Ni,Pb,Zn",coss:water,vlcs:sommatie_stoffen,gemet:9214|gemet:2912,1753,vlcs:sommatie_stoffen,,
skos:Concept,css:co_mo,Co mo,"Kobalt, multi opgelost",coss:water,vlcs:sommatie_stoffen,gemet:9214|gemet:2912,2000,vlcs:sommatie_stoffen,,
skos:Concept,css:cr_cu_ni_pb_zn,"(Cr,Cu,Ni,Pb,Zn)","Som van 5 totale metalen Cr,Cu,Ni,Pb en Zn",coss:water,vlcs:sommatie_stoffen,gemet:9214|gemet:2912,1698,vlcs:sommatie_stoffen,,
skos:Concept,css:cr_mo,Cr mo,"Chroom, multi opgelost",coss:water,vlcs:sommatie_stoffen,gemet:9214|gemet:2912,2002,vlcs:sommatie_stoffen,,
skos:Concept,css:cr_zn_mn_cu,"(Cr,Zn,Mn,Cu)","Som van 4 metalen totaal Cr, Zn, Mn en Cu",coss:water,vlcs:sommatie_stoffen,gemet:9214|gemet:2912,1768,vlcs:sommatie_stoffen,,
skos:Concept,css:cresol,Cresol,Cresolen,coss:water,vlcs:sommatie_stoffen,gemet:9214|gemet:2912,485,vlcs:sommatie_stoffen,,
skos:Concept,css:cresol_c,Cresol c,Chloorcresolen,coss:water,vlcs:sommatie_stoffen,gemet:9214|gemet:2912,479,vlcs:sommatie_stoffen,,
skos:Concept,css:cs_mo,Cs mo,"Cesium, multi opgelost",coss:water,vlcs:sommatie_stoffen,gemet:9214|gemet:2912,2004,vlcs:sommatie_stoffen,,
skos:Concept,css:cs_mt,Cs mt,"Cesium, multi totaal",coss:water,vlcs:sommatie_stoffen,gemet:9214|gemet:2912,1930,vlcs:sommatie_stoffen,,
skos:Concept,css:ctine,CTine,Chloortoluidinen,coss:water,vlcs:sommatie_stoffen,gemet:9214|gemet:2912,484,vlcs:sommatie_stoffen,,
skos:Concept,css:ctols,CTolS,Chloortoluenen,coss:water,vlcs:sommatie_stoffen,gemet:9214|gemet:2912,1212,vlcs:sommatie_stoffen,,
skos:Concept,css:cu__pb__ni__zn,"(Cu, Pb, Ni, Zn)","som van 4 totale metalen koper,lood,nikkel en zink",coss:water,vlcs:sommatie_stoffen,gemet:9214|gemet:2912,1688,vlcs:sommatie_stoffen,,
skos:Concept,css:cu_mo,Cu mo,"Koper, multi opgelost",coss:water,vlcs:sommatie_stoffen,gemet:9214|gemet:2912,2006,vlcs:sommatie_stoffen,,
skos:Concept,css:cu_ni_cd_cr_pb,"(Cu,Ni,Cd,Cr,Pb)","som van 5 metalen t Cu,Ni,Cd,Cr,Pb",coss:water,vlcs:sommatie_stoffen,gemet:9214|gemet:2912,1708,vlcs:sommatie_stoffen,,
skos:Concept,css:cu_ni_zn_cr,"(Cu,Ni,Zn,Cr)","Som van 4 totale metalen Cu,Ni,Zn,Cr",coss:water,vlcs:sommatie_stoffen,gemet:9214|gemet:2912,1699,vlcs:sommatie_stoffen,,
skos:Concept,css:cyalk,cyAlk,Cycloalkanen,coss:water,vlcs:sommatie_stoffen,gemet:9214|gemet:2912,1383,vlcs:sommatie_stoffen,,
skos:Concept,css:d13c,d13C,Isotopenverhouding koolstof 13 en 12,coss:water,vlcs:sommatie_stoffen,gemet:9214|gemet:2912,1326,vlcs:sommatie_stoffen,,
skos:Concept,css:d15n,d15N,Isotopenverhouding stikstof 15 en 14,coss:water,vlcs:sommatie_stoffen,gemet:9214|gemet:2912,1327,vlcs:sommatie_stoffen,,
skos:Concept,css:dbysn_som,DBySn som,Dibutyltinverbindingen,coss:water,vlcs:sommatie_stoffen,gemet:9214|gemet:2912,1216,vlcs:sommatie_stoffen,,
skos:Concept,css:dcan_t,DCAn t,"Dichlooranilines, totaal",coss:water,vlcs:sommatie_stoffen,gemet:9214|gemet:2912,888,vlcs:sommatie_stoffen,,
skos:Concept,css:dcbz,DCBz,"Som van 1,2 + 1,3 + 1,4 DiChloorBenzeen",coss:water,vlcs:sommatie_stoffen,gemet:9214|gemet:2912,1717,vlcs:sommatie_stoffen,,
skos:Concept,css:dcbzdines,DCBzdines,Dichloorbenzidines,coss:water,vlcs:sommatie_stoffen,gemet:9214|gemet:2912,886,vlcs:sommatie_stoffen,,csc:BXAONUZFBUNTQR-UHFFFAOYSA-N|csc:HUWXDEQWWKGHRV-UHFFFAOYSA-N|csc:LPDSNGAFAJYVKH-UHFFFAOYSA-N|csc:PMZNABNRKYMIKT-UHFFFAOYSA-N|csc:XKXPBJBODVHDAW-UHFFFAOYSA-N
skos:Concept,css:dcdfytcea,DCDFyTCEa,Dichloordifenyltrichlorethanen,coss:water,vlcs:sommatie_stoffen,gemet:9214|gemet:2912,568,vlcs:sommatie_stoffen,,
skos:Concept,css:dcee,DCEe,Dichlooretheen,coss:water,vlcs:sommatie_stoffen,gemet:9214|gemet:2912,1741,vlcs:sommatie_stoffen,,csc:KFUSEUYYWQURPO-OWOJBTEDSA-N|csc:KFUSEUYYWQURPO-UPHRSURJSA-N|csc:LGXVIGDEPROXKC-UHFFFAOYSA-N|csc:UCNVFOCBFJOQAL-UHFFFAOYSA-N|csc:ZDYJWDIWLRZXDB-UHFFFAOYSA-N
skos:Concept,css:dcpa,DCPa,dichloorpropaan,coss:water,vlcs:sommatie_stoffen,gemet:9214|gemet:2912,1766,vlcs:sommatie_stoffen,,csc:KNKRKFALVUDBJE-UHFFFAOYSA-N|csc:WIHMGGWNMISDNJ-UHFFFAOYSA-N|csc:YHRUOJUYPBUZOS-UHFFFAOYSA-N|csc:ZEOVXNVKXIPWMS-UHFFFAOYSA-N
skos:Concept,css:ddd_e_t,DD(D+E+T),DDD+DDE+DDT,coss:water,vlcs:sommatie_stoffen,gemet:9214|gemet:2912,894,vlcs:sommatie_stoffen,,
skos:Concept,css:ddt_2_som,DDT_2 Som,DDT_2,coss:water,vlcs:sommatie_stoffen,gemet:9214|gemet:2912,1214,vlcs:sommatie_stoffen,,
skos:Concept,css:ddt__dde_en_isom,"DDT, DDE en isom","DDT, DDE en isomeren",coss:water,vlcs:sommatie_stoffen,gemet:9214|gemet:2912,1710,vlcs:sommatie_stoffen,,
skos:Concept,css:ddt_t,DDT t,"DDT, totaal",coss:water,vlcs:sommatie_stoffen,gemet:9214|gemet:2912,907,vlcs:sommatie_stoffen,,
skos:Concept,css:det_met_gisting,Det met gisting,"oppervlakteactieve stoffen, met gisting",coss:water,vlcs:sommatie_stoffen,gemet:9214|gemet:2912,1680,vlcs:sommatie_stoffen,,
skos:Concept,css:det_zonder_gisting,Det zonder gisting,"Oppervlakteactieve stoffen, zonder gisting",coss:water,vlcs:sommatie_stoffen,gemet:9214|gemet:2912,1681,vlcs:sommatie_stoffen,,
skos:Concept,css:dicnibzsom,diCNiBzsom,Dichloornitrobenzenen,coss:water,vlcs:sommatie_stoffen,gemet:9214|gemet:2912,1219,vlcs:sommatie_stoffen,,
skos:Concept,css:dinyft_didyft,DiNyFt+DiDyFt,Som van di-isononylftalaat en di-isodecylftalaat,coss:water,vlcs:sommatie_stoffen,gemet:9214|gemet:2912,1775,vlcs:sommatie_stoffen,,
skos:Concept,css:dinyftofdidyft,DiNyFtofDiDyFt,Som van di-isononylftalaat en di-isodecylftalaat,coss:water,vlcs:sommatie_stoffen,gemet:9214|gemet:2912,1543,vlcs:sommatie_stoffen,,
skos:Concept,css:dioxines,Dioxines,Dioxines,coss:water,vlcs:sommatie_stoffen,gemet:9214|gemet:2912,1191,vlcs:sommatie_stoffen,,csc:AZXHAWRMEPZSSV-UHFFFAOYSA-N|csc:BHWVLZJTVIYLIV-UHFFFAOYSA-N|csc:FOIBFBMSLDGNHL-UHFFFAOYSA-N|csc:FSPZPQQWDODWAU-UHFFFAOYSA-N|csc:HGUFODBRKLSHSI-UHFFFAOYSA-N|csc:IUTPYMGCWINGEY-UHFFFAOYSA-N|csc:JEYJJJXOFWNEHN-UHFFFAOYSA-N|csc:KSMVNVHUTQZITP-UHFFFAOYSA-N|csc:LCXMEXLGMKFLQO-UHFFFAOYSA-N|csc:LGIRBUBHIWTVCK-UHFFFAOYSA-N|csc:LVYBAQIVPKCOEE-UHFFFAOYSA-N|csc:OGBQILNBLMPPDP-UHFFFAOYSA-N|csc:PYUSJFJVDVSXIU-UHFFFAOYSA-N|csc:REHONNLQRWTIFF-UHFFFAOYSA-N|csc:RHIROFAGUQOFLU-UHFFFAOYSA-N|csc:SBMIVUVRFPGOEB-UHFFFAOYSA-N|csc:SXZSFWHOSHAKMN-UHFFFAOYSA-N|csc:UQMGJOKDKOLIDP-UHFFFAOYSA-N|csc:VEZCTZWLJYWARH-UHFFFAOYSA-N|csc:WCLNVRQZUKYVAI-UHFFFAOYSA-N|csc:WCYYQNSQJHPVMG-UHFFFAOYSA-N|csc:WDMKCPIVJOGHBF-UHFFFAOYSA-N|csc:WIDHRBRBACOVOY-UHFFFAOYSA-N|csc:XTAHLACQOVXINQ-UHFFFAOYSA-N|csc:XUAWBXBYHDRROL-UHFFFAOYSA-N|csc:YAHNWSSFXMVPOU-UHFFFAOYSA-N|csc:YCLUIPQDHHPDJJ-UHFFFAOYSA-N|csc:YTWXDQVNPCIEOX-UHFFFAOYSA-N|csc:ZHLICBPIXDOFFG-UHFFFAOYSA-N
skos:Concept,css:dmyfol_eyfol_2ipyfol,DMyFol+EyFol+2iPyFol,(DMyFol + EyFol + 2iPyFol),coss:water,vlcs:sommatie_stoffen,gemet:9214|gemet:2912,1786,vlcs:sommatie_stoffen,,
skos:Concept,css:dmyfol_som,DMyFol som,som van de dimethylfenolen,coss:water,vlcs:sommatie_stoffen,gemet:9214|gemet:2912,1773,vlcs:sommatie_stoffen,,
skos:Concept,css:dn_t,DN t,"Totaal stikstof, opgelost",coss:water,vlcs:sommatie_stoffen,gemet:9214|gemet:2912,1520,vlcs:sommatie_stoffen,,
skos:Concept,css:doc,DOC,"Organische koolstof, opgelost",coss:water,vlcs:sommatie_stoffen,gemet:9214|gemet:2912,302,vlcs:sommatie_stoffen,,
skos:Concept,css:dy_mo,Dy mo,"Dysprosium, multi opgelost",coss:water,vlcs:sommatie_stoffen,gemet:9214|gemet:2912,2005,vlcs:sommatie_stoffen,,
skos:Concept,css:dy_mt,Dy mt,"Dysprosium, multi totaal",coss:water,vlcs:sommatie_stoffen,gemet:9214|gemet:2912,1932,vlcs:sommatie_stoffen,,
skos:Concept,css:dyfolet,DyFolEt,Decylfenolpolyethoxylaten,coss:water,vlcs:sommatie_stoffen,gemet:9214|gemet:2912,1054,vlcs:sommatie_stoffen,,
skos:Concept,css:eas_ttcee,EAS TtCEe,Tetrachloorethyleen extrah.apol.stoffen,coss:water,vlcs:sommatie_stoffen,gemet:9214|gemet:2912,598,vlcs:sommatie_stoffen,,
skos:Concept,css:eox,EOX,Extraheerbare organohalogenen,coss:water,vlcs:sommatie_stoffen,gemet:9214|gemet:2912,291,vlcs:sommatie_stoffen,,
skos:Concept,css:er_mo,Er mo,"Erbium, multi opgelost",coss:water,vlcs:sommatie_stoffen,gemet:9214|gemet:2912,2007,vlcs:sommatie_stoffen,,
skos:Concept,css:er_mt,Er mt,"Erbium, multi totaal",coss:water,vlcs:sommatie_stoffen,gemet:9214|gemet:2912,1933,vlcs:sommatie_stoffen,,
skos:Concept,css:es_ccl4,ES CCL4,CCL4 extraheerbare stoffen,coss:water,vlcs:sommatie_stoffen,gemet:9214|gemet:2912,1674,vlcs:sommatie_stoffen,,
skos:Concept,css:es_pe,ES pe,Petroleumether extraheerbare stoffen,coss:water,vlcs:sommatie_stoffen,gemet:9214|gemet:2912,573,vlcs:sommatie_stoffen,,
skos:Concept,css:es_ttcee,ES TtCEe,Tetrachloorethyleen extrah.stoffen,coss:water,vlcs:sommatie_stoffen,gemet:9214|gemet:2912,599,vlcs:sommatie_stoffen,,
skos:Concept,css:eu_mo,Eu mo,"Europium, multi opgelost",coss:water,vlcs:sommatie_stoffen,gemet:9214|gemet:2912,2008,vlcs:sommatie_stoffen,,
skos:Concept,css:eu_mt,Eu mt,"Europium, multi totaal",coss:water,vlcs:sommatie_stoffen,gemet:9214|gemet:2912,1934,vlcs:sommatie_stoffen,,
skos:Concept,css:extrah__st_,Extrah. St.,Extraheerbare stoffen,coss:water,vlcs:sommatie_stoffen,gemet:9214|gemet:2912,1721,vlcs:sommatie_stoffen,,
skos:Concept,css:eyfol_som,EyFol som,"som van 2-, 3- en 4-ethylfenol",coss:water,vlcs:sommatie_stoffen,gemet:9214|gemet:2912,1772,vlcs:sommatie_stoffen,,
skos:Concept,css:f-verb,F-verb,Fluorverbindingen,coss:water,vlcs:sommatie_stoffen,gemet:9214|gemet:2912,1163,vlcs:sommatie_stoffen,,csc:ABOVRDBEJDIBMZ-UHFFFAOYSA-N|csc:ACEKLXZRZOWKRY-UHFFFAOYSA-N|csc:AEHJMNVBLRLZKK-UHFFFAOYSA-N|csc:AFTSHZRGGNMLHC-UHFFFAOYSA-N|csc:AFWOYEYXUDHGHF-UHFFFAOYSA-N|csc:AFYPFACVUDMOHA-UHFFFAOYSA-N|csc:AGIMOOYNBDLMJV-UHFFFAOYSA-N|csc:AHOUBRCZNHFOSL-YOEHRIQHSA-N|csc:AJDIZQLSFPQPEY-UHFFFAOYSA-N|csc:ALVYVCQIFHTIRD-UHFFFAOYSA-N|csc:AMCOFRYQNUYHDX-UHFFFAOYSA-N|csc:APTZNLHMIGJTEW-UHFFFAOYSA-N|csc:AVRQBXVUUXHRMY-UHFFFAOYSA-N|csc:AYIRNRDRBQJXIF-NXEZZACHSA-N|csc:BBJPZPLAZVZTGR-UHFFFAOYSA-N|csc:BFKJFAAPBSQJPD-UHFFFAOYSA-N|csc:BHFJBHMTEDLICO-UHFFFAOYSA-N|csc:BHNZEZWIUMJCGF-UHFFFAOYSA-N|csc:BMXXSXQVMCXGJM-UHFFFAOYSA-N|csc:BOUGCJDAQLKBQH-UHFFFAOYSA-N|csc:BPFYOAJNDMUVBL-UHFFFAOYSA-N|csc:BPRHUIZQVSMCRT-YXWZHEERSA-N|csc:BULLJMKUVKYZDJ-UHFFFAOYSA-N|csc:CBGUOGMQLZIXBE-XGQKBEPLSA-N|csc:CCEKAJIANROZEO-UHFFFAOYSA-N|csc:CFCRODHVHXGTPC-UHFFFAOYSA-N|csc:CJDWRQLODFKPEL-UHFFFAOYSA-N|csc:CKRXVVGETMYFIO-UHFFFAOYSA-N|csc:COAUHYBSXMIJDK-UHFFFAOYSA-N|csc:CONWAEURSVPLRM-UHFFFAOYSA-N|csc:CPEUVMUXAHMANV-UHFFFAOYSA-N|csc:CRHGSCXKJPJNAB-UHFFFAOYSA-M|csc:CSEBNABAWMZWIF-UHFFFAOYSA-N|csc:CUTPKDUMZWIJKT-UHFFFAOYSA-N|csc:CWFOCCVIPCEQCK-UHFFFAOYSA-N|csc:CXGONMQFMIYUJR-UHFFFAOYSA-N|csc:CXZGQIAOTKWCDB-UHFFFAOYSA-N|csc:CYRMSUTZVYGINF-UHFFFAOYSA-N|csc:CYXIKYKBLDZZNW-UHFFFAOYSA-N|csc:CZIHNRWJTSTCEX-UHFFFAOYSA-N|csc:DDMOUSALMHHKOS-UHFFFAOYSA-N|csc:DDVNRFNDOPPVQJ-HQJQHLMTSA-N|csc:DJBNUMBKLMJRSA-UHFFFAOYSA-N|csc:DPSPPJIUMHPXMA-UHFFFAOYSA-N|csc:DTQVDTLACAAQTR-UHFFFAOYSA-N|csc:DUZVBQWEFKXWJM-UHFFFAOYSA-M|csc:DXJURUJRANOYMX-UHFFFAOYSA-L|csc:FAOZLTXFLGPHNG-KNAQIMQKSA-N|csc:FFQPZWRNXKPNPX-UHFFFAOYSA-N|csc:FKLQIONHGSFYJY-UHFFFAOYSA-N|csc:FOUWCSDKDDHKQP-UHFFFAOYSA-N|csc:FQKUGOMFVDPBIZ-UHFFFAOYSA-N|csc:FRCHKSNAZZFGCA-UHFFFAOYSA-N|csc:FRIJWEQBTIZQMD-UHFFFAOYSA-N|csc:FTOVXSOBNPWTSH-UHFFFAOYSA-N|csc:GAGWJHPBXLXJQN-UORFTKCHSA-N|csc:GBIHOLCMZGAKNG-UHFFFAOYSA-N|csc:GDSQRBLILFKERU-UHFFFAOYSA-N|csc:GFNANZIMVAIWHM-OBYCQNJPSA-N|csc:GFZPUWKGPNHWHD-UHFFFAOYSA-N|csc:GHASVSINZRGABV-UHFFFAOYSA-N|csc:GKWYMWZWSCKSMT-UHFFFAOYSA-N|csc:GMTWWEPBGGXBTO-UHFFFAOYSA-N|csc:GSDSWSVVBLHKDQ-UHFFFAOYSA-N|csc:GVEPBJHOBDJJJI-UHFFFAOYSA-N|csc:GXAMYUGOODKVRM-UHFFFAOYSA-N|csc:HAPOJKSPCGLOOD-UHFFFAOYSA-N|csc:HAXBIWFMXWRORI-UHFFFAOYSA-N|csc:HCDGVLDPFQMKDK-UHFFFAOYSA-N|csc:HPYNBECUCCGGPA-UHFFFAOYSA-N|csc:HSMVPDGQOIQYSR-UHFFFAOYSA-N|csc:HWATZEJQIXKWQS-UHFFFAOYSA-N|csc:HXWHIGAHMKKVBV-UHFFFAOYSA-M|csc:HYVWIQDYBVKITD-UHFFFAOYSA-N|csc:HYWZIAVPBSTISZ-UHFFFAOYSA-N|csc:IANUJLZYFUDJIH-UHFFFAOYSA-N|csc:IDGBOLGHJQQORA-UHFFFAOYSA-N|csc:IDSKMUOSMAUASS-UHFFFAOYSA-N|csc:IDYZIJYBMGIQMJ-UHFFFAOYSA-N|csc:IJJVMEJXYNJXOJ-UHFFFAOYSA-N|csc:IKVXBIIHQGXQRQ-CYBMUJFWSA-N|csc:IKVXBIIHQGXQRQ-UHFFFAOYSA-N|csc:ILKJAFIWWBXGDU-WRRBAOOESA-N|csc:IMEVJVISCHQJRM-UHFFFAOYSA-N|csc:INISTDXBRIBGOC-UHFFFAOYSA-N|csc:INISTDXBRIBGOC-XMMISQBUSA-N|csc:IPPAUTOBDWNELX-UHFFFAOYSA-N|csc:IQVNEKKDSLOHHK-FNCQTZNRSA-N|csc:ITVQAKZNYJEWKS-UHFFFAOYSA-N|csc:IXSZQYVWNJNRAL-UHFFFAOYSA-N|csc:IZFZCMFMJKDHJZ-UHFFFAOYSA-N|csc:JBDHZKLJNAIJNC-LLVKDONJSA-N|csc:JCMNMOBHVPONLD-UHFFFAOYSA-N|csc:JEDYYFXHPAIBGR-UHFFFAOYSA-N|csc:JEWUXLHWYRSHJK-UHFFFAOYSA-N|csc:JGFYQVQAXANWJU-UHFFFAOYSA-M|csc:JGTNAGYHADQMCM-UHFFFAOYSA-N|csc:JQZFYIGAYWLRCC-UHFFFAOYSA-N|csc:JVZREVRTMWNFME-UHFFFAOYSA-N|csc:JWUCHKBSVLQQCO-UHFFFAOYSA-N|csc:JXMGZLBGSDLPKN-UHFFFAOYSA-N|csc:JZHDEEOTEUVLHR-UHFFFAOYSA-N|csc:JZRCRCFPVAXHHQ-UHFFFAOYSA-N|csc:KHNYNFUTFKJLDD-UHFFFAOYSA-N|csc:KLOZZZNFJYMTNE-UHFFFAOYSA-N|csc:KNWODGJQLCISLC-UHFFFAOYSA-N|csc:KRHYYFGTRYWZRS-UHFFFAOYSA-M|csc:KRHYYFGTRYWZRS-UHFFFAOYSA-N|csc:KVBKAPANDHPRDG-UHFFFAOYSA-N|csc:LGHZJDKSVUTELU-UHFFFAOYSA-N|csc:LGPPATCNSOSOQH-UHFFFAOYSA-N|csc:LGUZHRODIJCVOC-UHFFFAOYSA-N|csc:LNEPOXFFQSENCJ-UHFFFAOYSA-N|csc:LQDARGUHUSPFNL-UHFFFAOYSA-N|csc:LTCDLGUFORGHGY-UHFFFAOYSA-N|csc:LTUNNEGNEKBSEH-UHFFFAOYSA-N|csc:LUBCGHUOCJOIJA-UHFFFAOYSA-N|csc:LVDGGZAZAYHXEY-UHFFFAOYSA-N|csc:LWHQXUODFPPQTL-UHFFFAOYSA-M|csc:LXMQMMSGERCRSU-UHFFFAOYSA-N|csc:MEFQWPUMEMWTJP-UHFFFAOYSA-N|csc:MEXUFEQDCXZEON-UHFFFAOYSA-N|csc:MFSWTRQUCLNFOM-UHFFFAOYSA-N|csc:MIJLZGZLQLAQCM-UHFFFAOYSA-N|csc:MKPDWECBUAZOHP-AFYJWTTESA-N|csc:MKXKFYHWDHIYRV-UHFFFAOYSA-N|csc:MLKCGVHIFJBRCD-UHFFFAOYSA-N|csc:MNEXVZFQQPKDHC-UHFFFAOYSA-N|csc:MNFMIVVPXOGUMX-UHFFFAOYSA-N|csc:MUJOIMFVNIBMKC-UHFFFAOYSA-N|csc:MVAUDJDXZPBWOW-UHFFFAOYSA-N|csc:MXWAGQASUDSFBG-RVDMUPIBSA-N|csc:MYSWGUAQZAJSOK-UHFFFAOYSA-N|csc:NIHNNTQXNPWCJQ-UHFFFAOYSA-N|csc:NJMYODHXAKYRHW-DVZOWYKESA-N|csc:NJPPVKZQTLUDBO-UHFFFAOYSA-N|csc:NOCJXYPHIIZEHN-UHFFFAOYSA-N|csc:NVGOPFQZYCNLDU-UHFFFAOYSA-N|csc:NYRMIJKDBAQCHC-UHFFFAOYSA-N|csc:OBTWBSRJZRCYQV-UHFFFAOYSA-N|csc:OGJPXUAPXNRGGI-UHFFFAOYSA-N|csc:OHMHBGPWCHTMQE-UHFFFAOYSA-N|csc:OJMBMWRMTMHMSZ-UHFFFAOYSA-N|csc:OKIBNKKYNPBDRS-UHFFFAOYSA-N|csc:OKOCIUJVPQKDLL-UHFFFAOYSA-N|csc:OLZQTUCTGLHFTQ-UHFFFAOYSA-N|csc:OMFRMAHOUUJSGP-UNOMPAQXSA-N|csc:ONCZDRURRATYFI-QTCHDTBASA-N|csc:OORLZFUTLGXMEF-UHFFFAOYSA-N|csc:OQDXASJSCOTNQS-UHFFFAOYSA-N|csc:OQMBBFQZGJFLBU-UHFFFAOYSA-N|csc:OQZCSNDVOWYALR-UHFFFAOYSA-N|csc:ORMSTDJYMPIZAO-UHFFFAOYSA-N|csc:OWUZCVPRFKSBRG-UHFFFAOYSA-N|csc:OYGQVDSRYXATEL-UHFFFAOYSA-N|csc:OYIKARCXOQLFHF-UHFFFAOYSA-N|csc:PCIUEQPBYFRTEM-UHFFFAOYSA-N|csc:PCKNFPQPGUWFHO-UQRQXUALSA-N|csc:PLDUPXSUYLZYBN-UHFFFAOYSA-N|csc:PPTYJKAXVCCBDU-UHFFFAOYSA-N|csc:PSGPXWYGJGGEEG-UHFFFAOYSA-N|csc:PTCGDEVVHUXTMP-UHFFFAOYSA-N|csc:PWPJGUXAGUPAHP-UHFFFAOYSA-N|csc:PXBRQCKWGAHEHS-UHFFFAOYSA-N|csc:PXGOKWXKJXAPGV-UHFFFAOYSA-N|csc:PXUULQAPEKKVAH-UHFFFAOYSA-N|csc:PYLWMHQQBFSUBP-UHFFFAOYSA-N|csc:QBAYIBZITZBSFO-UHFFFAOYSA-N|csc:QMLVECGLEOSESV-RYUDHWBXSA-N|csc:QQODLKZGRKWIFG-UHFFFAOYSA-N|csc:QQQYTWIFVNKMRW-UHFFFAOYSA-N|csc:QZHDEAJFRJCDMF-UHFFFAOYSA-N|csc:RAGOYPUPXAKGKH-XAKZXMRKSA-N|csc:RAPZEAPATHNIPO-UHFFFAOYSA-N|csc:RBNIGDFIUWJJEV-UHFFFAOYSA-N|csc:RFCAUADVODFSLZ-UHFFFAOYSA-N|csc:RFHAOTPXVQNOHP-UHFFFAOYSA-N|csc:RGNPBRKPHBKNKX-UHFFFAOYSA-N|csc:RJCQBQGAPKAMLL-UHFFFAOYSA-N|csc:RLQJEEJISHYWON-UHFFFAOYSA-N|csc:RRRXPPIDPYTNJG-UHFFFAOYSA-N|csc:RTHCYVBBDHJXIQ-UHFFFAOYSA-N|csc:RUDINRUXCKIXAJ-UHFFFAOYSA-N|csc:RVULBHWZFCBODE-UHFFFAOYSA-M|csc:RYLHNOVXKPXDIP-UHFFFAOYSA-N|csc:RZILCCPWPBTYDO-UHFFFAOYSA-N|csc:SAPGTCDSBGMXCD-UHFFFAOYSA-N|csc:SDUQYLNIPVEERB-QPPQHZFASA-N|csc:SFZCNBIFKDRMGX-UHFFFAOYSA-N|csc:SIDINRCMMRKXGQ-UHFFFAOYSA-N|csc:SKDFWEPBABSFMG-UHFFFAOYSA-N|csc:SMDHCQAYESWHAE-UHFFFAOYSA-N|csc:SNGREZUHAYWORS-UHFFFAOYSA-N|csc:SPFYMRJSYKOXGV-UHFFFAOYSA-N|csc:SRCNPEKLEHSVCL-UHFFFAOYSA-N|csc:SRMWNTGHXHOWBT-UHFFFAOYSA-N|csc:SUIQUYDRLGGZOL-RCWTXCDDSA-N|csc:SVOAUHHKPGKPQK-UHFFFAOYSA-N|csc:TYIYMOAHACZAMQ-CQSZACIVSA-N|csc:TZIZWYVVGLXXFV-FLRHRWPCSA-N|csc:UFEODZBUAFNAEU-NLRVBDNBSA-N|csc:UGCSPKPEHQEOSR-UHFFFAOYSA-N|csc:UIOFUWFRIANQPC-JKIFEVAISA-N|csc:UISUNVFOGSJSKD-UHFFFAOYSA-N|csc:UJIGKESMIPTWJH-UHFFFAOYSA-N|csc:UMNKXPULIDJLSU-UHFFFAOYSA-N|csc:UREBDLICKHMUKA-CXSFZGCWSA-N|csc:UREBDLICKHMUKA-DVTGEIKXSA-N|csc:UUAGAQFQZIEFAH-UHFFFAOYSA-N|csc:UVCOILFBWYKHHB-UHFFFAOYSA-N|csc:UZCGKGPEKUCDTF-UHFFFAOYSA-N|csc:UZUFPBIDKMEQEQ-UHFFFAOYSA-N|csc:VAIZTNZGPYBOGF-CYBMUJFWSA-N|csc:VAIZTNZGPYBOGF-UHFFFAOYSA-N|csc:VBCVPMMZEGZULK-NRFANRHFSA-N|csc:VBLXCTYLWZJBKA-UHFFFAOYSA-N|csc:VEVZCONIUDBCDC-UHFFFAOYSA-N|csc:VIONGDJUYAYOPU-UHFFFAOYSA-N|csc:VOPWNXZWBYDODV-UHFFFAOYSA-N|csc:VPAYJEUHKVESSD-UHFFFAOYSA-N|csc:VRXISYRYNOUKHO-UHFFFAOYSA-N|csc:VWVSBHGCDBMOOT-OKPPOTDYSA-N|csc:WFRUBUQWJYMMRQ-UHFFFAOYSA-M|csc:WIFXJBMOTMKRMM-UHFFFAOYSA-N|csc:WMWTYOKRWGGJOA-ZHLGSTKJSA-N|csc:WQNQTJSLPDZSDK-UHFFFAOYSA-N|csc:WRPIRSINYZBGPK-UHFFFAOYSA-N|csc:WSEQXVZVJXJVFP-UHFFFAOYSA-N|csc:WTEOIRVLGSZEPR-UHFFFAOYSA-N|csc:WURGXGVFSMYFCG-UHFFFAOYSA-N|csc:WYEHFWKAOXOVJD-UHFFFAOYSA-N|csc:XAHBEACGJQDUPF-UHFFFAOYSA-N|csc:XAIPTRIXGHTTNT-UHFFFAOYSA-N|csc:XPDWGBQVDMORPB-UHFFFAOYSA-N|csc:XSFJVAJPIHIPKU-XWCQMRHXSA-N|csc:XUKUURHRXDUEBC-KAYWLYCHSA-N|csc:YATDSXRLIUJOQN-UHFFFAOYSA-N|csc:YEIHPPOCKIHUQJ-UHFFFAOYSA-N|csc:YERASKROMPMIBM-UHFFFAOYSA-N|csc:YFSUTJLHUFNCNZ-UHFFFAOYSA-N|csc:YGFIGGVCQHKDOL-UHFFFAOYSA-N|csc:YLFSVIMMRPNPFK-VAWYXSNFSA-N|csc:YLQWCDOCJODRMT-UHFFFAOYSA-N|csc:YMRMDGSNYHCUCL-UHFFFAOYSA-N|csc:YNDXUCZADRHECN-JNQJZLCISA-N|csc:YOALFLHFSFEMLP-UHFFFAOYSA-N|csc:YPJUNDFVDDCYIH-UHFFFAOYSA-N|csc:YSEMCVGMNUUNRK-UHFFFAOYSA-N|csc:YUIKUTLBPMDDNQ-MRVPVSSYSA-N|csc:YUVKUEAFAVKILW-SECBINFHSA-N
skos:Concept,css:f_an_,F an.,Fluor en zijn anorganische verbindingen,coss:water,vlcs:sommatie_stoffen,gemet:9214|gemet:2912,1333,vlcs:sommatie_stoffen,,
skos:Concept,css:fe_al,"(Fe,Al)",som van metalen ijzer en aluminium,coss:water,vlcs:sommatie_stoffen,gemet:9214|gemet:2912,1687,vlcs:sommatie_stoffen,,
skos:Concept,css:fe_mo,Fe mo,"Ijzer, multi opgelost",coss:water,vlcs:sommatie_stoffen,gemet:9214|gemet:2912,2009,vlcs:sommatie_stoffen,,
skos:Concept,css:fol_c,Fol c,"Fenolen, gechloreerde",coss:water,vlcs:sommatie_stoffen,gemet:9214|gemet:2912,582,vlcs:sommatie_stoffen,,
skos:Concept,css:fol_c__i,"Fol c, i","Gechloreerde fenolen, individueel",coss:water,vlcs:sommatie_stoffen,gemet:9214|gemet:2912,1759,vlcs:sommatie_stoffen,,
skos:Concept,css:fol_get_,Fol get.,Fenol getal,coss:water,vlcs:sommatie_stoffen,gemet:9214|gemet:2912,454,vlcs:sommatie_stoffen,,
skos:Concept,css:fol_h2o_vlucht,Fol h2o_vlucht,met waterdamp vluchtige fenolen,coss:water,vlcs:sommatie_stoffen,gemet:9214|gemet:2912,1683,vlcs:sommatie_stoffen,,
skos:Concept,css:ftal,FTAL,"Ftalaten, som",coss:water,vlcs:sommatie_stoffen,gemet:9214|gemet:2912,1763,vlcs:sommatie_stoffen,,
skos:Concept,css:ftal_excl_dehp,FTAL excl DEHP,Ftalaten excl. DEHP (=bis-(2-ethylhexyl)-ftalaat),coss:water,vlcs:sommatie_stoffen,gemet:9214|gemet:2912,1762,vlcs:sommatie_stoffen,,
skos:Concept,css:fuh_t,FUH t,"Fenylureumherbiciden, totaal",coss:water,vlcs:sommatie_stoffen,gemet:9214|gemet:2912,655,vlcs:sommatie_stoffen,,
skos:Concept,css:furanen,Furanen,Furanen,coss:water,vlcs:sommatie_stoffen,gemet:9214|gemet:2912,1486,vlcs:sommatie_stoffen,,
skos:Concept,css:ga_mo,Ga mo,"Gallium, multi opgelost",coss:water,vlcs:sommatie_stoffen,gemet:9214|gemet:2912,2010,vlcs:sommatie_stoffen,,
skos:Concept,css:ga_mt,Ga mt,"Gallium, multi totaal",coss:water,vlcs:sommatie_stoffen,gemet:9214|gemet:2912,1936,vlcs:sommatie_stoffen,,
skos:Concept,css:gd_mo,Gd mo,"Gadolinium, multi opgelost",coss:water,vlcs:sommatie_stoffen,gemet:9214|gemet:2912,2011,vlcs:sommatie_stoffen,,
skos:Concept,css:gd_mt,Gd mt,"Gadolinium, multi totaal",coss:water,vlcs:sommatie_stoffen,gemet:9214|gemet:2912,1937,vlcs:sommatie_stoffen,,
skos:Concept,css:ge_mo,Ge mo,"Germanium, multi opgelost",coss:water,vlcs:sommatie_stoffen,gemet:9214|gemet:2912,2012,vlcs:sommatie_stoffen,,
skos:Concept,css:ge_mt,Ge mt,"Germanium, multi totaal",coss:water,vlcs:sommatie_stoffen,gemet:9214|gemet:2912,1938,vlcs:sommatie_stoffen,,
skos:Concept,css:gechl__arom,gechl. Arom,gechloreerde aromaten,coss:water,vlcs:sommatie_stoffen,gemet:9214|gemet:2912,1682,vlcs:sommatie_stoffen,,
skos:Concept,css:gechlor__oplosm_,Gechlor. Oplosm.,Gechloreerde oplosmiddelen,coss:water,vlcs:sommatie_stoffen,gemet:9214|gemet:2912,1700,vlcs:sommatie_stoffen,,
skos:Concept,css:h3o_,H3O+,Hydroxonium,coss:water,vlcs:sommatie_stoffen,gemet:9214|gemet:2912,1262,vlcs:sommatie_stoffen,,
skos:Concept,css:halonen,Halonen,Halonen,coss:water,vlcs:sommatie_stoffen,gemet:9214|gemet:2912,1177,vlcs:sommatie_stoffen,,
skos:Concept,css:hcdbd_t,HCdBD t,"Hexachloordibenzodioxine, totaal",coss:water,vlcs:sommatie_stoffen,gemet:9214|gemet:2912,1339,vlcs:sommatie_stoffen,,
skos:Concept,css:hcdbfur_t,HCdBFur t,"Hexachloordibenzofuran, totaal",coss:water,vlcs:sommatie_stoffen,gemet:9214|gemet:2912,1343,vlcs:sommatie_stoffen,,
skos:Concept,css:hcfk,HCFK,Chloorfluorkoolwaterstoffen,coss:water,vlcs:sommatie_stoffen,gemet:9214|gemet:2912,1174,vlcs:sommatie_stoffen,,
skos:Concept,css:hch,HCH,"Hexachloorcyclohexaan, alle isomeren",coss:water,vlcs:sommatie_stoffen,gemet:9214|gemet:2912,896,vlcs:sommatie_stoffen,,
skos:Concept,css:hf_mo,Hf mo,"Hafnium, multi opgelost",coss:water,vlcs:sommatie_stoffen,gemet:9214|gemet:2912,2013,vlcs:sommatie_stoffen,,
skos:Concept,css:hf_mt,Hf mt,"Hafnium, multi totaal",coss:water,vlcs:sommatie_stoffen,gemet:9214|gemet:2912,1939,vlcs:sommatie_stoffen,,
skos:Concept,css:hfk,HFK,Fluorkoolwaterstoffen,coss:water,vlcs:sommatie_stoffen,gemet:9214|gemet:2912,1175,vlcs:sommatie_stoffen,,
skos:Concept,css:hg_mo,Hg mo,"Kwik, multi opgelost",coss:water,vlcs:sommatie_stoffen,gemet:9214|gemet:2912,2014,vlcs:sommatie_stoffen,,
skos:Concept,css:ho_mo,Ho mo,"Holmium, multi opgelost",coss:water,vlcs:sommatie_stoffen,gemet:9214|gemet:2912,2015,vlcs:sommatie_stoffen,,
skos:Concept,css:ho_mt,Ho mt,"Holmium, multi totaal",coss:water,vlcs:sommatie_stoffen,gemet:9214|gemet:2912,1941,vlcs:sommatie_stoffen,,
skos:Concept,css:hpc_epx,HpC+Epx,Heptachloor+epoxyde,coss:water,vlcs:sommatie_stoffen,gemet:9214|gemet:2912,948,vlcs:sommatie_stoffen,,
skos:Concept,css:hpcdbd_t,HpCdBD t,"Heptachloordibenzodioxine, totaal",coss:water,vlcs:sommatie_stoffen,gemet:9214|gemet:2912,1340,vlcs:sommatie_stoffen,,
skos:Concept,css:hpcepx,HpCEpx,Heptachloorepoxyde (cis+trans),coss:water,vlcs:sommatie_stoffen,gemet:9214|gemet:2912,784,vlcs:sommatie_stoffen,,
skos:Concept,css:hpo3²-,HPO3²-,Fosfonaten,coss:water,vlcs:sommatie_stoffen,gemet:9214|gemet:2912,1742,vlcs:sommatie_stoffen,,
skos:Concept,css:in_mo,In mo,"Indium, multi opgelost",coss:water,vlcs:sommatie_stoffen,gemet:9214|gemet:2912,2016,vlcs:sommatie_stoffen,,
skos:Concept,css:ipytol,iPyTol,Isopropyltolueen,coss:water,vlcs:sommatie_stoffen,gemet:9214|gemet:2912,917,vlcs:sommatie_stoffen,,
skos:Concept,css:k_mo,K mo,"Kalium, multi opgelost",coss:water,vlcs:sommatie_stoffen,gemet:9214|gemet:2912,2017,vlcs:sommatie_stoffen,,
skos:Concept,css:kalk_os,Kalk+OS,Kalk en organische stof,coss:water,vlcs:sommatie_stoffen,gemet:9214|gemet:2912,92,vlcs:sommatie_stoffen,,
skos:Concept,css:kisurf,KISurf,"Surfactanten, kationische",coss:water,vlcs:sommatie_stoffen,gemet:9214|gemet:2912,297,vlcs:sommatie_stoffen,,
skos:Concept,css:kisurfsom,KISurfSom,"Surfactanten, kationische (berekende som)",coss:water,vlcs:sommatie_stoffen,gemet:9214|gemet:2912,1846,vlcs:sommatie_stoffen,,
skos:Concept,css:kjn,KjN,Kjeldahlstikstof,coss:water,vlcs:sommatie_stoffen,gemet:9214|gemet:2912,298,vlcs:sommatie_stoffen,,
skos:Concept,css:kjn__f,KjN  f,"Kjeldahlstikstof, gefiltreerd",coss:water,vlcs:sommatie_stoffen,gemet:9214|gemet:2912,299,vlcs:sommatie_stoffen,,
skos:Concept,css:kws_al,KWS al,Alifatische koolwaterstoffen,coss:water,vlcs:sommatie_stoffen,gemet:9214|gemet:2912,1294,vlcs:sommatie_stoffen,,
skos:Concept,css:kws_ap_,KWS ap.,Apolaire koolwaterstoffen,coss:water,vlcs:sommatie_stoffen,gemet:9214|gemet:2912,286,vlcs:sommatie_stoffen,,
skos:Concept,css:kws_ar,KWS ar,Aromatische koolwaterstoffen,coss:water,vlcs:sommatie_stoffen,gemet:9214|gemet:2912,1295,vlcs:sommatie_stoffen,,
skos:Concept,css:kws_c10-12,KWS C10-12,"Apolaire koolwaterstoffen, fractie C10-C12",coss:water,vlcs:sommatie_stoffen,gemet:9214|gemet:2912,989,vlcs:sommatie_stoffen,,
skos:Concept,css:kws_c12-20,KWS C12-20,"Apolaire koolwaterstoffen, fractie C12-C20",coss:water,vlcs:sommatie_stoffen,gemet:9214|gemet:2912,990,vlcs:sommatie_stoffen,,
skos:Concept,css:kws_c20-30,KWS C20-30,"Apolaire koolwaterstoffen, fractie C20-C30",coss:water,vlcs:sommatie_stoffen,gemet:9214|gemet:2912,991,vlcs:sommatie_stoffen,,
skos:Concept,css:kws_c30-40,KWS C30-40,"Apolaire koolwaterstoffen, fractie C30-C40",coss:water,vlcs:sommatie_stoffen,gemet:9214|gemet:2912,992,vlcs:sommatie_stoffen,,
skos:Concept,css:kws_nm,KWS nm,Niet-methaan koolwaterstoffen,coss:water,vlcs:sommatie_stoffen,gemet:9214|gemet:2912,1268,vlcs:sommatie_stoffen,,
skos:Concept,css:kws_t,KWS t,"Koolwaterstoffen, totaal",coss:water,vlcs:sommatie_stoffen,gemet:9214|gemet:2912,1278,vlcs:sommatie_stoffen,,
skos:Concept,css:kws_t_vlucht,KWS t vlucht,"vluchtige KWS, t",coss:water,vlcs:sommatie_stoffen,gemet:9214|gemet:2912,1686,vlcs:sommatie_stoffen,,
skos:Concept,css:la_mo,La mo,"Lanthaan, multi opgelost",coss:water,vlcs:sommatie_stoffen,gemet:9214|gemet:2912,2018,vlcs:sommatie_stoffen,,
skos:Concept,css:la_mt,La mt,"Lanthaan, multi totaal",coss:water,vlcs:sommatie_stoffen,gemet:9214|gemet:2912,1944,vlcs:sommatie_stoffen,,
skos:Concept,css:las/abs,LAS/ABS,"Alkylbenzeensulfonaten, lineaire+vertakte",coss:water,vlcs:sommatie_stoffen,gemet:9214|gemet:2912,1150,vlcs:sommatie_stoffen,,
skos:Concept,css:latex,Latex,Latex,coss:water,vlcs:sommatie_stoffen,gemet:9214|gemet:2912,1746,vlcs:sommatie_stoffen,,
skos:Concept,css:lu_mo,Lu mo,"Lutetium, multi opgelost",coss:water,vlcs:sommatie_stoffen,gemet:9214|gemet:2912,2019,vlcs:sommatie_stoffen,,
skos:Concept,css:lu_mt,Lu mt,"Lutetium, multi totaal",coss:water,vlcs:sommatie_stoffen,gemet:9214|gemet:2912,1945,vlcs:sommatie_stoffen,,
skos:Concept,css:m_ol_kws,M.ol+KWS,Minerale oliën en KWS,coss:water,vlcs:sommatie_stoffen,gemet:9214|gemet:2912,458,vlcs:sommatie_stoffen,,
skos:Concept,css:mak_i,MAK i,Monocyclische aromatische koolwaterstoffen ind. ,coss:water,vlcs:sommatie_stoffen,gemet:9214|gemet:2912,1745,vlcs:sommatie_stoffen,,
skos:Concept,css:mak_t,MAK t,"Monoaromatische KWS, totaal",coss:water,vlcs:sommatie_stoffen,gemet:9214|gemet:2912,217,vlcs:sommatie_stoffen,,
skos:Concept,css:mbas,MBAS,Methyleenblauw actieve stoffen,coss:water,vlcs:sommatie_stoffen,gemet:9214|gemet:2912,285,vlcs:sommatie_stoffen,,
skos:Concept,css:mercapt,Mercapt,Mercaptanen,coss:water,vlcs:sommatie_stoffen,gemet:9214|gemet:2912,510,vlcs:sommatie_stoffen,,
skos:Concept,css:met_ex_zn_fe_mn_pb_a,"Met ex Zn,Fe,Mn,Pb,A","Som metalen zonder Zn,Fe,Mn,Pb,As,Cd",coss:water,vlcs:sommatie_stoffen,gemet:9214|gemet:2912,1725,vlcs:sommatie_stoffen,,
skos:Concept,css:met_excl_zn_fe_mn_al,"met excl Zn,Fe,Mn,Al","Som metalen excl Zn,Fe,Mn,Al",coss:water,vlcs:sommatie_stoffen,gemet:9214|gemet:2912,1711,vlcs:sommatie_stoffen,,
skos:Concept,css:metalen_excl__al_fe,"metalen excl. Al,Fe",som van metalen excl aluminium en ijzer,coss:water,vlcs:sommatie_stoffen,gemet:9214|gemet:2912,1690,vlcs:sommatie_stoffen,,
skos:Concept,css:mg_mo,Mg mo,"Magnesium, multi opgelost",coss:water,vlcs:sommatie_stoffen,gemet:9214|gemet:2912,2020,vlcs:sommatie_stoffen,,
skos:Concept,css:mg_mt,Mg mt,"Magnesium, multi totaal",coss:water,vlcs:sommatie_stoffen,gemet:9214|gemet:2912,1946,vlcs:sommatie_stoffen,,
skos:Concept,css:min_oliec10-c40,Min.olieC10-C40,Minerale olie C10-C40,coss:water,vlcs:sommatie_stoffen,gemet:9214|gemet:2912,1771,vlcs:sommatie_stoffen,,
skos:Concept,css:min_oliec6-c10,Min.olieC6-C10,minerale olie C6-C10,coss:water,vlcs:sommatie_stoffen,gemet:9214|gemet:2912,1770,vlcs:sommatie_stoffen,,
skos:Concept,css:mn_mo,Mn mo,"Mangaan, multi opgelost",coss:water,vlcs:sommatie_stoffen,gemet:9214|gemet:2912,2021,vlcs:sommatie_stoffen,,
skos:Concept,css:mno4_k,MnO4 k,"Permanganaatverbruik, koud",coss:water,vlcs:sommatie_stoffen,gemet:9214|gemet:2912,293,vlcs:sommatie_stoffen,,
skos:Concept,css:mno4_kf,MnO4 kf,"Permanganaatverbruik, koud gefiltreerd",coss:water,vlcs:sommatie_stoffen,gemet:9214|gemet:2912,294,vlcs:sommatie_stoffen,,
skos:Concept,css:mno4_w,MnO4 w,"Permanganaatverbruik, warm",coss:water,vlcs:sommatie_stoffen,gemet:9214|gemet:2912,295,vlcs:sommatie_stoffen,,
skos:Concept,css:mno4_wf,MnO4 wf,"Permanganaatverbruik, warm gefiltreerd",coss:water,vlcs:sommatie_stoffen,gemet:9214|gemet:2912,296,vlcs:sommatie_stoffen,,
skos:Concept,css:mo_mo,Mo mo,"Molybdeen, multi opgelost",coss:water,vlcs:sommatie_stoffen,gemet:9214|gemet:2912,2022,vlcs:sommatie_stoffen,,
skos:Concept,css:mpxyl,mpXyl,Xylenen (m+p),coss:water,vlcs:sommatie_stoffen,gemet:9214|gemet:2912,214,vlcs:sommatie_stoffen,,
skos:Concept,css:n-fenol,n-fenol,n-fenol,coss:water,vlcs:sommatie_stoffen,gemet:9214|gemet:2912,1675,vlcs:sommatie_stoffen,,
skos:Concept,css:n_n,N+N,Nitraat+nitriet,coss:water,vlcs:sommatie_stoffen,gemet:9214|gemet:2912,7,vlcs:sommatie_stoffen,,
skos:Concept,css:n_n_n,N+N+N,Nitraat+nitriet+ammonium,coss:water,vlcs:sommatie_stoffen,gemet:9214|gemet:2912,1437,vlcs:sommatie_stoffen,,
skos:Concept,css:n_o,N o,"Stikstof, organische",coss:water,vlcs:sommatie_stoffen,gemet:9214|gemet:2912,653,vlcs:sommatie_stoffen,,
skos:Concept,css:n_t,N t,"Stikstof, totaal",coss:water,vlcs:sommatie_stoffen,gemet:9214|gemet:2912,31,vlcs:sommatie_stoffen,,
skos:Concept,css:na-zouten,Na-zouten,Natrium-zouten,coss:water,vlcs:sommatie_stoffen,gemet:9214|gemet:2912,1720,vlcs:sommatie_stoffen,,
skos:Concept,css:na_mo,Na mo,"Natrium, multi opgelost",coss:water,vlcs:sommatie_stoffen,gemet:9214|gemet:2912,2023,vlcs:sommatie_stoffen,,
skos:Concept,css:naftenaten,Naftenaten,Naftenaten,coss:water,vlcs:sommatie_stoffen,gemet:9214|gemet:2912,2125,vlcs:sommatie_stoffen,,
skos:Concept,css:nb_mo,Nb mo,"Niobium, multi opgelost",coss:water,vlcs:sommatie_stoffen,gemet:9214|gemet:2912,2024,vlcs:sommatie_stoffen,,
skos:Concept,css:nb_mt,Nb mt,"Niobium, multi totaal",coss:water,vlcs:sommatie_stoffen,gemet:9214|gemet:2912,1951,vlcs:sommatie_stoffen,,
skos:Concept,css:nd_mo,Nd mo,"Neodymium, multi opgelost",coss:water,vlcs:sommatie_stoffen,gemet:9214|gemet:2912,2025,vlcs:sommatie_stoffen,,
skos:Concept,css:nd_mt,Nd mt,"Neodymium, multi totaal",coss:water,vlcs:sommatie_stoffen,gemet:9214|gemet:2912,1952,vlcs:sommatie_stoffen,,
skos:Concept,css:neg_anmvos,neg ANMVOS,Niet eerder genoemde aromatische NMVOS,coss:water,vlcs:sommatie_stoffen,gemet:9214|gemet:2912,1168,vlcs:sommatie_stoffen,,
skos:Concept,css:neg_nmvos,neg NMVOS,Niet eerder genoemde NMVOS,coss:water,vlcs:sommatie_stoffen,gemet:9214|gemet:2912,1169,vlcs:sommatie_stoffen,,
skos:Concept,css:neg_oasf,neg OASF,Niet eerder genoemde ozonafbrekende stoffen en F-g,coss:water,vlcs:sommatie_stoffen,gemet:9214|gemet:2912,1178,vlcs:sommatie_stoffen,,
skos:Concept,css:neg_xnmvos,neg XNMVOS,Niet eerder genoemde gehalogeneerde NMVOS,coss:water,vlcs:sommatie_stoffen,gemet:9214|gemet:2912,1167,vlcs:sommatie_stoffen,,
skos:Concept,css:nh3_no2-,NH3+NO2-,"ammoniak, nitrieten",coss:water,vlcs:sommatie_stoffen,gemet:9214|gemet:2912,1733,vlcs:sommatie_stoffen,,
skos:Concept,css:nh4_zt,NH4 zt,Kwaternaire ammoniumzouten,coss:water,vlcs:sommatie_stoffen,gemet:9214|gemet:2912,593,vlcs:sommatie_stoffen,,
skos:Concept,css:ni_mo,Ni mo,"Nikkel, multi opgelost",coss:water,vlcs:sommatie_stoffen,gemet:9214|gemet:2912,2026,vlcs:sommatie_stoffen,,
skos:Concept,css:nisurf,NISurf,"Surfactanten, niet-ionogene",coss:water,vlcs:sommatie_stoffen,gemet:9214|gemet:2912,300,vlcs:sommatie_stoffen,,
skos:Concept,css:nisurfsom,NISurfSom,"Surfactanten, niet-ionogene (berekende som)",coss:water,vlcs:sommatie_stoffen,gemet:9214|gemet:2912,1845,vlcs:sommatie_stoffen,,
skos:Concept,css:nmvos_t,NMVOS t,"NMVOS, totaal",coss:water,vlcs:sommatie_stoffen,gemet:9214|gemet:2912,1172,vlcs:sommatie_stoffen,,
skos:Concept,css:nox,NOx,Stikstofoxiden,coss:water,vlcs:sommatie_stoffen,gemet:9214|gemet:2912,1160,vlcs:sommatie_stoffen,,
skos:Concept,css:npoc,NPOC,"Organische koolstof, niet purgeerbaar",coss:water,vlcs:sommatie_stoffen,gemet:9214|gemet:2912,1484,vlcs:sommatie_stoffen,,
skos:Concept,css:nso,NSO,NSO-verbindingen,coss:water,vlcs:sommatie_stoffen,gemet:9214|gemet:2912,1776,vlcs:sommatie_stoffen,,
skos:Concept,css:nvooc,NVOOC,"Organische koolstof, niet vluchtig",coss:water,vlcs:sommatie_stoffen,gemet:9214|gemet:2912,726,vlcs:sommatie_stoffen,,
skos:Concept,css:nvtoc,NVTOC,"Organische koolstof, niet vluchtig totaal",coss:water,vlcs:sommatie_stoffen,gemet:9214|gemet:2912,725,vlcs:sommatie_stoffen,,
skos:Concept,css:nyfol_et,NyFol+et,Nonylfenolen + ethoxylaten,coss:water,vlcs:sommatie_stoffen,gemet:9214|gemet:2912,960,vlcs:sommatie_stoffen,,
skos:Concept,css:nyfolet,NyFolEt,Nonylfenolpolyethoxylaten,coss:water,vlcs:sommatie_stoffen,gemet:9214|gemet:2912,1053,vlcs:sommatie_stoffen,,
skos:Concept,css:nyfolsom,NyFolsom,Nonylfenolen,coss:water,vlcs:sommatie_stoffen,gemet:9214|gemet:2912,1222,vlcs:sommatie_stoffen,,
skos:Concept,css:oasf_t,OASF t,"Ozonafbrekende stoffen en F-gassen, totaal",coss:water,vlcs:sommatie_stoffen,gemet:9214|gemet:2912,1179,vlcs:sommatie_stoffen,,
skos:Concept,css:oc,OC,Organische koolstof,coss:water,vlcs:sommatie_stoffen,gemet:9214|gemet:2912,1269,vlcs:sommatie_stoffen,,
skos:Concept,css:ocp_i,OCP i,Organochloorpesticiden individueel,coss:water,vlcs:sommatie_stoffen,gemet:9214|gemet:2912,1765,vlcs:sommatie_stoffen,,
skos:Concept,css:ocp_t,OCP t,"Organochloorpesticiden, totaal",coss:water,vlcs:sommatie_stoffen,gemet:9214|gemet:2912,258,vlcs:sommatie_stoffen,,
skos:Concept,css:ol_water,Ol.water,Oliehoudende wateren,coss:water,vlcs:sommatie_stoffen,gemet:9214|gemet:2912,609,vlcs:sommatie_stoffen,,
skos:Concept,css:om,OM,Organisch materiaal,coss:water,vlcs:sommatie_stoffen,gemet:9214|gemet:2912,301,vlcs:sommatie_stoffen,,
skos:Concept,css:onp_t,ONP t,"Organostikstofpesticiden, totaal",coss:water,vlcs:sommatie_stoffen,gemet:9214|gemet:2912,897,vlcs:sommatie_stoffen,,
skos:Concept,css:opgl__vt,Opgl. Vt,Opgeloste Vetten,coss:water,vlcs:sommatie_stoffen,gemet:9214|gemet:2912,1730,vlcs:sommatie_stoffen,,
skos:Concept,css:oplosmiddelen,Oplosmiddelen,Oplosmiddelen,coss:water,vlcs:sommatie_stoffen,gemet:9214|gemet:2912,1728,vlcs:sommatie_stoffen,,
skos:Concept,css:opp_t,OPP t,"Organofosforpesticiden, totaal",coss:water,vlcs:sommatie_stoffen,gemet:9214|gemet:2912,405,vlcs:sommatie_stoffen,,
skos:Concept,css:opvv_t,OPVV t,"Organofosforvlamvertragers, totaal",coss:water,vlcs:sommatie_stoffen,gemet:9214|gemet:2912,977,vlcs:sommatie_stoffen,,
skos:Concept,css:os,OS,Organische stof,coss:water,vlcs:sommatie_stoffen,gemet:9214|gemet:2912,795,vlcs:sommatie_stoffen,,
skos:Concept,css:os_mo,Os mo,"Osmium, multi opgelost",coss:water,vlcs:sommatie_stoffen,gemet:9214|gemet:2912,2027,vlcs:sommatie_stoffen,,
skos:Concept,css:os_mt,Os mt,"Osmium, multi totaal",coss:water,vlcs:sommatie_stoffen,gemet:9214|gemet:2912,1954,vlcs:sommatie_stoffen,,
skos:Concept,css:oyfol_et,OyFol+et,Octylfenolen + ethoxylaten,coss:water,vlcs:sommatie_stoffen,gemet:9214|gemet:2912,961,vlcs:sommatie_stoffen,,
skos:Concept,css:oyfolet,OyFolEt,Octylfenolpolyethoxylaten,coss:water,vlcs:sommatie_stoffen,gemet:9214|gemet:2912,1052,vlcs:sommatie_stoffen,,
skos:Concept,css:oyfolsom,OyFolsom,Octylfenolen,coss:water,vlcs:sommatie_stoffen,gemet:9214|gemet:2912,1223,vlcs:sommatie_stoffen,,
skos:Concept,css:p_esters,P esters,"Fosforesters, organische",coss:water,vlcs:sommatie_stoffen,gemet:9214|gemet:2912,506,vlcs:sommatie_stoffen,,
skos:Concept,css:p_mo,P mo,"Fosfor, multi opgelost",coss:water,vlcs:sommatie_stoffen,gemet:9214|gemet:2912,2028,vlcs:sommatie_stoffen,,
skos:Concept,css:pak_10,PAK 10,Polyaromatische KWS (10 Vrom),coss:water,vlcs:sommatie_stoffen,gemet:9214|gemet:2912,817,vlcs:sommatie_stoffen,,
skos:Concept,css:pak_14,PAK 14,Polyaromatische KWS (14 IBS),coss:water,vlcs:sommatie_stoffen,gemet:9214|gemet:2912,1165,vlcs:sommatie_stoffen,,
skos:Concept,css:pak_15,PAK 15,Polyaromatische KWS (15 EPA),coss:water,vlcs:sommatie_stoffen,gemet:9214|gemet:2912,550,vlcs:sommatie_stoffen,,
skos:Concept,css:pak_16,PAK 16,Polyaromatische KWS (16 EPA),coss:water,vlcs:sommatie_stoffen,gemet:9214|gemet:2912,433,vlcs:sommatie_stoffen,,
skos:Concept,css:pak_2,PAK 2,Polyaromatische KWS (2 VVP),coss:water,vlcs:sommatie_stoffen,gemet:9214|gemet:2912,824,vlcs:sommatie_stoffen,,
skos:Concept,css:pak_4,PAK 4,Polyaromatische koolwaterstoffen (PAK's),coss:water,vlcs:sommatie_stoffen,gemet:9214|gemet:2912,1329,vlcs:sommatie_stoffen,,
skos:Concept,css:pak_5,PAK 5,Polyaromatische koolwaterstoffen (PAK 5),coss:water,vlcs:sommatie_stoffen,gemet:9214|gemet:2912,2145,vlcs:sommatie_stoffen,,
skos:Concept,css:pak_6,PAK 6,Polyaromatische KWS (6 Borneff),coss:water,vlcs:sommatie_stoffen,gemet:9214|gemet:2912,512,vlcs:sommatie_stoffen,,
skos:Concept,css:pak_excl_naftaleen,PAK excl naftaleen,PAK exclusief naftaleen,coss:water,vlcs:sommatie_stoffen,gemet:9214|gemet:2912,1756,vlcs:sommatie_stoffen,,
skos:Concept,css:pak_i,PAK i,"Polycyclische Aromatische KWS, individueel",coss:water,vlcs:sommatie_stoffen,gemet:9214|gemet:2912,1744,vlcs:sommatie_stoffen,,
skos:Concept,css:pb_mo,Pb mo,"Lood, multi opgelost",coss:water,vlcs:sommatie_stoffen,gemet:9214|gemet:2912,2029,vlcs:sommatie_stoffen,,
skos:Concept,css:pbs,PBS,Potentieel Bioaccumulerende Stoffen,coss:water,vlcs:sommatie_stoffen,gemet:9214|gemet:2912,951,vlcs:sommatie_stoffen,,
skos:Concept,css:pcb_28_31,PCB 28+31,"2,4,4' + 2,4',5-Trichloorbifenyl (PCB28+31)",coss:water,vlcs:sommatie_stoffen,gemet:9214|gemet:2912,745,vlcs:sommatie_stoffen,,
skos:Concept,css:pcb_ind,PCB ind,PCB individueel,coss:water,vlcs:sommatie_stoffen,gemet:9214|gemet:2912,1777,vlcs:sommatie_stoffen,,
skos:Concept,css:pcb_pct_t,PCB+PCT t,"Polychloorbifenyl en polychloorterfenyl, totaal",coss:water,vlcs:sommatie_stoffen,gemet:9214|gemet:2912,890,vlcs:sommatie_stoffen,,
skos:Concept,css:pcb_t_pct_t,"(PCB t,PCT t)",Som van PCB totaal en PCT totaal,coss:water,vlcs:sommatie_stoffen,gemet:9214|gemet:2912,1695,vlcs:sommatie_stoffen,,
skos:Concept,css:pcdbd_t,PCdBD t,"Pentachloordibenzodioxine, totaal",coss:water,vlcs:sommatie_stoffen,gemet:9214|gemet:2912,1338,vlcs:sommatie_stoffen,,
skos:Concept,css:pcdbfur_t,PCdBFur t,"Pentachloordibenzofuran, totaal",coss:water,vlcs:sommatie_stoffen,gemet:9214|gemet:2912,1342,vlcs:sommatie_stoffen,,
skos:Concept,css:pcdd_pcdf,PCDD+PCDF,Dioxines+furanen,coss:water,vlcs:sommatie_stoffen,gemet:9214|gemet:2912,959,vlcs:sommatie_stoffen,,
skos:Concept,css:pct_t,PCT t,"Polychloorterfenyl, totaal",coss:water,vlcs:sommatie_stoffen,gemet:9214|gemet:2912,513,vlcs:sommatie_stoffen,,
skos:Concept,css:pd_mo,Pd mo,"Palladium, multi opgelost",coss:water,vlcs:sommatie_stoffen,gemet:9214|gemet:2912,2030,vlcs:sommatie_stoffen,,
skos:Concept,css:persist__min__olie,Persist. Min. Olie,Persistente minerale olie,coss:water,vlcs:sommatie_stoffen,gemet:9214|gemet:2912,1732,vlcs:sommatie_stoffen,,
skos:Concept,css:persistente_kws,persistente KWS,Persistente KWS,coss:water,vlcs:sommatie_stoffen,gemet:9214|gemet:2912,1727,vlcs:sommatie_stoffen,,
skos:Concept,css:pesticiden_t,pesticiden t,som pesticiden,coss:water,vlcs:sommatie_stoffen,gemet:9214|gemet:2912,1722,vlcs:sommatie_stoffen,,
skos:Concept,css:pfc_exl_pfos__pfoa,"PFC exl.(PFOS, PFOA)",Perfluortensiden zonder PFOS en PFOA,coss:water,vlcs:sommatie_stoffen,gemet:9214|gemet:2912,1764,vlcs:sommatie_stoffen,,
skos:Concept,css:pfoa_som,PFOA som,Som van PFOA vertakt + lineair,coss:water,vlcs:sommatie_stoffen,gemet:9214|gemet:2912,2144,vlcs:sommatie_stoffen,,
skos:Concept,css:pfos__pfba__pfbs,"(PFOS, PFBA, PFBS)","Som PFOS, PFBA en PFBS",coss:water,vlcs:sommatie_stoffen,gemet:9214|gemet:2912,1774,vlcs:sommatie_stoffen,,
skos:Concept,css:pfos_som,PFOS som,Som van PFOS vertakt + lineair,coss:water,vlcs:sommatie_stoffen,gemet:9214|gemet:2912,2143,vlcs:sommatie_stoffen,,
skos:Concept,css:pft_t,PFT t,"Perfluorverbindingen, totaal",coss:water,vlcs:sommatie_stoffen,gemet:9214|gemet:2912,1049,vlcs:sommatie_stoffen,,
skos:Concept,css:pox,POX,Purgeerbare organohalogenen,coss:water,vlcs:sommatie_stoffen,gemet:9214|gemet:2912,304,vlcs:sommatie_stoffen,,
skos:Concept,css:pr_mo,Pr mo,"Praesodymium, multi opgelost",coss:water,vlcs:sommatie_stoffen,gemet:9214|gemet:2912,2031,vlcs:sommatie_stoffen,,
skos:Concept,css:pr_mt,Pr mt,"Praesodymium, multi totaal",coss:water,vlcs:sommatie_stoffen,gemet:9214|gemet:2912,1958,vlcs:sommatie_stoffen,,
skos:Concept,css:profam_benzadol,"(profam,benzadol)","som van chloorprofam, profam en thiabenzadol",coss:water,vlcs:sommatie_stoffen,gemet:9214|gemet:2912,1692,vlcs:sommatie_stoffen,,
skos:Concept,css:pt_mo,Pt mo,"Platina, multi opgelost",coss:water,vlcs:sommatie_stoffen,gemet:9214|gemet:2912,2032,vlcs:sommatie_stoffen,,
skos:Concept,css:pver_o,Pver o,Organofosforverbindingen,coss:water,vlcs:sommatie_stoffen,gemet:9214|gemet:2912,704,vlcs:sommatie_stoffen,,
skos:Concept,css:pyrethroïden,pyrethroïden,Pyrethroïden,coss:water,vlcs:sommatie_stoffen,gemet:9214|gemet:2912,1724,vlcs:sommatie_stoffen,,
skos:Concept,css:rb_mo,Rb mo,"Rubidium, multi opgelost",coss:water,vlcs:sommatie_stoffen,gemet:9214|gemet:2912,2033,vlcs:sommatie_stoffen,,
skos:Concept,css:rb_mt,Rb mt,"Rubidium, multi totaal",coss:water,vlcs:sommatie_stoffen,gemet:9214|gemet:2912,1960,vlcs:sommatie_stoffen,,
skos:Concept,css:re_mo,Re mo,"Renium, multi opgelost",coss:water,vlcs:sommatie_stoffen,gemet:9214|gemet:2912,2034,vlcs:sommatie_stoffen,,
skos:Concept,css:ru_mo,Ru mo,"Ruthenium, multi opgelost",coss:water,vlcs:sommatie_stoffen,gemet:9214|gemet:2912,2035,vlcs:sommatie_stoffen,,
skos:Concept,css:ru_mt,Ru mt,"Ruthenium, multi totaal",coss:water,vlcs:sommatie_stoffen,gemet:9214|gemet:2912,1962,vlcs:sommatie_stoffen,,
skos:Concept,css:s=___merc_,S= + merc.,Som van sulfiden en mercaptanen,coss:water,vlcs:sommatie_stoffen,gemet:9214|gemet:2912,1705,vlcs:sommatie_stoffen,,
skos:Concept,css:s_mo,S mo,"Zwavel, multi opgelost",coss:water,vlcs:sommatie_stoffen,gemet:9214|gemet:2912,2036,vlcs:sommatie_stoffen,,
skos:Concept,css:s_t-h2s_rsh,"S t-H2S,RSH","Zwavel totaal - H2S,S-geurcomponenten",coss:water,vlcs:sommatie_stoffen,gemet:9214|gemet:2912,1321,vlcs:sommatie_stoffen,,
skos:Concept,css:s_t-sox,S t-SOx,Zwavel totaal - zwaveloxiden,coss:water,vlcs:sommatie_stoffen,gemet:9214|gemet:2912,1287,vlcs:sommatie_stoffen,,
skos:Concept,css:sb_mo,Sb mo,"Antimoon, multi opgelost",coss:water,vlcs:sommatie_stoffen,gemet:9214|gemet:2912,2037,vlcs:sommatie_stoffen,,
skos:Concept,css:sc_mo,Sc mo,"Scandium, multi opgelost",coss:water,vlcs:sommatie_stoffen,gemet:9214|gemet:2912,2038,vlcs:sommatie_stoffen,,
skos:Concept,css:sc_mt,Sc mt,"Scandium, multi totaal",coss:water,vlcs:sommatie_stoffen,gemet:9214|gemet:2912,1965,vlcs:sommatie_stoffen,,
skos:Concept,css:sccp,SCCP,Korte ketting gechloreerde parafinen,coss:water,vlcs:sommatie_stoffen,gemet:9214|gemet:2912,1465,vlcs:sommatie_stoffen,,
skos:Concept,css:se_mo,Se mo,"Seleen, multi opgelost",coss:water,vlcs:sommatie_stoffen,gemet:9214|gemet:2912,2039,vlcs:sommatie_stoffen,,
skos:Concept,css:se_v_u_th_te,"(Se,V,U,Th,Te)","som Seleen,Vanadium,Uranium,Thor,Tellurium",coss:water,vlcs:sommatie_stoffen,gemet:9214|gemet:2912,1709,vlcs:sommatie_stoffen,,
skos:Concept,css:selenas,Selenas,Selenastrum,coss:water,vlcs:sommatie_stoffen,gemet:9214|gemet:2912,782,vlcs:sommatie_stoffen,,
skos:Concept,css:si_mo,Si mo,"Silicium, multi opgelost",coss:water,vlcs:sommatie_stoffen,gemet:9214|gemet:2912,2040,vlcs:sommatie_stoffen,,
skos:Concept,css:siver_o,Siver o,Organosiliciumverbindingen,coss:water,vlcs:sommatie_stoffen,gemet:9214|gemet:2912,613,vlcs:sommatie_stoffen,,
skos:Concept,css:sm_mo,Sm mo,"Samarium, multi opgelost",coss:water,vlcs:sommatie_stoffen,gemet:9214|gemet:2912,2041,vlcs:sommatie_stoffen,,
skos:Concept,css:sm_mt,Sm mt,"Samarium, multi totaal",coss:water,vlcs:sommatie_stoffen,gemet:9214|gemet:2912,1968,vlcs:sommatie_stoffen,,
skos:Concept,css:sn_anorg_t,Sn anorg t,"Anorganische tinverbindingen, totaal",coss:water,vlcs:sommatie_stoffen,gemet:9214|gemet:2912,1685,vlcs:sommatie_stoffen,,
skos:Concept,css:sn_mo,Sn mo,"Tin, multi opgelost",coss:water,vlcs:sommatie_stoffen,gemet:9214|gemet:2912,2042,vlcs:sommatie_stoffen,,
skos:Concept,css:sn_t_,Sn t+,"Tin, totaal incl. oxiden",coss:water,vlcs:sommatie_stoffen,gemet:9214|gemet:2912,1487,vlcs:sommatie_stoffen,,
skos:Concept,css:snver_ot,Snver ot,"Organotinverbindingen, totaal",coss:water,vlcs:sommatie_stoffen,gemet:9214|gemet:2912,693,vlcs:sommatie_stoffen,,
skos:Concept,css:sof,SOF,Opgeloste Organische Fluoriden,coss:water,vlcs:sommatie_stoffen,gemet:9214|gemet:2912,1739,vlcs:sommatie_stoffen,,
skos:Concept,css:solvent,Solvent,Solventgehalte,coss:water,vlcs:sommatie_stoffen,gemet:9214|gemet:2912,305,vlcs:sommatie_stoffen,,
skos:Concept,css:som129_excl_ox,Som129 excl OX,Som lijst 129 excl Organohalogenen,coss:water,vlcs:sommatie_stoffen,gemet:9214|gemet:2912,1694,vlcs:sommatie_stoffen,,
skos:Concept,css:sox,SOx,Zwaveloxiden,coss:water,vlcs:sommatie_stoffen,gemet:9214|gemet:2912,1161,vlcs:sommatie_stoffen,,
skos:Concept,css:sp_opp_,Sp.opp.,Specifiek oppervlak,coss:water,vlcs:sommatie_stoffen,gemet:9214|gemet:2912,514,vlcs:sommatie_stoffen,,
skos:Concept,css:sr_mo,Sr mo,"Strontium, multi opgelost",coss:water,vlcs:sommatie_stoffen,gemet:9214|gemet:2912,2043,vlcs:sommatie_stoffen,,
skos:Concept,css:stof_t,Stof t,"Stof, totaal",coss:water,vlcs:sommatie_stoffen,gemet:9214|gemet:2912,1181,vlcs:sommatie_stoffen,,
skos:Concept,css:stoffr_no,Stoffr no,"Stoffractie, niet-oplosbaar",coss:water,vlcs:sommatie_stoffen,gemet:9214|gemet:2912,1314,vlcs:sommatie_stoffen,,
skos:Concept,css:stoffr_o,Stoffr o,"Stoffractie, oplosbaar",coss:water,vlcs:sommatie_stoffen,gemet:9214|gemet:2912,1315,vlcs:sommatie_stoffen,,
skos:Concept,css:stoffr_t,Stoffr t,"Stoffractie, totaal",coss:water,vlcs:sommatie_stoffen,gemet:9214|gemet:2912,1316,vlcs:sommatie_stoffen,,
skos:Concept,css:surf_ion,Surf ION,"Surfactanten,Ionisch (AISurf+KISurf excl NISurf)",coss:water,vlcs:sommatie_stoffen,gemet:9214|gemet:2912,1748,vlcs:sommatie_stoffen,,
skos:Concept,css:surf_kid_nid,Surf KID+NID,"Surfactanten, Kationische + Niet-ionogen",coss:water,vlcs:sommatie_stoffen,gemet:9214|gemet:2912,1767,vlcs:sommatie_stoffen,,
skos:Concept,css:surf_t,Surf t,"Surfactanten, totaal",coss:water,vlcs:sommatie_stoffen,gemet:9214|gemet:2912,492,vlcs:sommatie_stoffen,,
skos:Concept,css:ta_mo,Ta mo,"Tantaal, multi opgelost",coss:water,vlcs:sommatie_stoffen,gemet:9214|gemet:2912,2044,vlcs:sommatie_stoffen,,
skos:Concept,css:ta_mt,Ta mt,"Tantaal, multi totaal",coss:water,vlcs:sommatie_stoffen,gemet:9214|gemet:2912,1971,vlcs:sommatie_stoffen,,
skos:Concept,css:tam,TAM,Alkaliniteit met methyloranje,coss:water,vlcs:sommatie_stoffen,gemet:9214|gemet:2912,25,vlcs:sommatie_stoffen,,
skos:Concept,css:tap,TAP,Alkaliniteit met fenolftaleine,coss:water,vlcs:sommatie_stoffen,gemet:9214|gemet:2912,24,vlcs:sommatie_stoffen,,
skos:Concept,css:tas,TAS,Tensio actieve stoffen,coss:water,vlcs:sommatie_stoffen,gemet:9214|gemet:2912,719,vlcs:sommatie_stoffen,,
skos:Concept,css:tb_mo,Tb mo,"Terbium, multi opgelost",coss:water,vlcs:sommatie_stoffen,gemet:9214|gemet:2912,2045,vlcs:sommatie_stoffen,,
skos:Concept,css:tb_mt,Tb mt,"Terbium, multi totaal",coss:water,vlcs:sommatie_stoffen,gemet:9214|gemet:2912,1972,vlcs:sommatie_stoffen,,
skos:Concept,css:tcee__dcee_tcea,"TCEe, DCEe,TCEa","trichlooretheen, dichlooretheen en trichloorethaan",coss:water,vlcs:sommatie_stoffen,gemet:9214|gemet:2912,1758,vlcs:sommatie_stoffen,,
skos:Concept,css:tcee__ttcee__dcma,"(TCEe, TtCEe, DCMa)","Som tri- en tetrachlooretheen, dichloormethaan ",coss:water,vlcs:sommatie_stoffen,gemet:9214|gemet:2912,1737,vlcs:sommatie_stoffen,,
skos:Concept,css:tct,TCT,Toxichromotest - EC50,coss:water,vlcs:sommatie_stoffen,gemet:9214|gemet:2912,58,vlcs:sommatie_stoffen,,
skos:Concept,css:te_mo,Te mo,"Telluur, multi opgelost",coss:water,vlcs:sommatie_stoffen,gemet:9214|gemet:2912,2046,vlcs:sommatie_stoffen,,
skos:Concept,css:tetracea,TetraCEa,TetraChloorethaan,coss:water,vlcs:sommatie_stoffen,gemet:9214|gemet:2912,1740,vlcs:sommatie_stoffen,,
skos:Concept,css:tfysn_som,TFySn som,"Trifenyltinacetaat, chloride, hydroxide",coss:water,vlcs:sommatie_stoffen,gemet:9214|gemet:2912,1229,vlcs:sommatie_stoffen,,
skos:Concept,css:th_mo,Th mo,"Thorium, multi opgelost",coss:water,vlcs:sommatie_stoffen,gemet:9214|gemet:2912,2047,vlcs:sommatie_stoffen,,
skos:Concept,css:th_mt,Th mt,"Thorium, multi totaal",coss:water,vlcs:sommatie_stoffen,gemet:9214|gemet:2912,1974,vlcs:sommatie_stoffen,,
skos:Concept,css:thm_t,THM t,Trihalomethanen totaal,coss:water,vlcs:sommatie_stoffen,gemet:9214|gemet:2912,390,vlcs:sommatie_stoffen,,
skos:Concept,css:thm_t_excl_3clethyl,THM t excl 3ClEthyl,Trihalometanen totaal excl trichloorethyleen,coss:water,vlcs:sommatie_stoffen,gemet:9214|gemet:2912,1691,vlcs:sommatie_stoffen,,
skos:Concept,css:ti_mo,Ti mo,"Titaan, multi opgelost",coss:water,vlcs:sommatie_stoffen,gemet:9214|gemet:2912,2048,vlcs:sommatie_stoffen,,
skos:Concept,css:ti_t_,Ti t+,"Titaan, totaal incl. oxiden",coss:water,vlcs:sommatie_stoffen,gemet:9214|gemet:2912,1488,vlcs:sommatie_stoffen,,
skos:Concept,css:tiverb_ot_-ti,Tiverb ot -Ti,"Ti ovv. organotitaanverbindingen, totaal",coss:water,vlcs:sommatie_stoffen,gemet:9214|gemet:2912,1679,vlcs:sommatie_stoffen,,
skos:Concept,css:tl_mo,Tl mo,"Thallium, multi opgelost",coss:water,vlcs:sommatie_stoffen,gemet:9214|gemet:2912,2050,vlcs:sommatie_stoffen,,
skos:Concept,css:tm_mo,Tm mo,"Thullium, multi opgelost",coss:water,vlcs:sommatie_stoffen,gemet:9214|gemet:2912,2051,vlcs:sommatie_stoffen,,
skos:Concept,css:tm_mt,Tm mt,"Thullium, multi totaal",coss:water,vlcs:sommatie_stoffen,gemet:9214|gemet:2912,1977,vlcs:sommatie_stoffen,,
skos:Concept,css:tmybz,TMyBz,trimethylbenzeen,coss:water,vlcs:sommatie_stoffen,gemet:9214|gemet:2912,1749,vlcs:sommatie_stoffen,,
skos:Concept,css:toc,TOC,"Organische koolstof, totaal",coss:water,vlcs:sommatie_stoffen,gemet:9214|gemet:2912,303,vlcs:sommatie_stoffen,,
skos:Concept,css:tocl,TOCl,"som (matig-)vluchtige halog.verb., PCB en OCl-pest",coss:water,vlcs:sommatie_stoffen,gemet:9214|gemet:2912,1677,vlcs:sommatie_stoffen,,
skos:Concept,css:tox___pver_o,TOX + Pver o,Som van totale Organofosfor en organohalogeenverbinding,coss:water,vlcs:sommatie_stoffen,gemet:9214|gemet:2912,1701,vlcs:sommatie_stoffen,,
skos:Concept,css:triazine,Triazine,"Triazines, totaal",coss:water,vlcs:sommatie_stoffen,gemet:9214|gemet:2912,283,vlcs:sommatie_stoffen,,
skos:Concept,css:tricfolsom,triCFolsom,Trichloorfenolen,coss:water,vlcs:sommatie_stoffen,gemet:9214|gemet:2912,1228,vlcs:sommatie_stoffen,,
skos:Concept,css:ttcdbd_t,TtCdBD t,"Tetrachloordibenzodioxine, totaal",coss:water,vlcs:sommatie_stoffen,gemet:9214|gemet:2912,1337,vlcs:sommatie_stoffen,,
skos:Concept,css:ttcdbfur_t,TtCdBFur t,"Tetrachloordibenzofuran, totaal",coss:water,vlcs:sommatie_stoffen,gemet:9214|gemet:2912,1341,vlcs:sommatie_stoffen,,
skos:Concept,css:tvplds,TvPlDs,"Textielvezels, plastiek & drijv. stoffen",coss:water,vlcs:sommatie_stoffen,gemet:9214|gemet:2912,518,vlcs:sommatie_stoffen,,
skos:Concept,css:u_mo,U mo,"Uranium, multi opgelost",coss:water,vlcs:sommatie_stoffen,gemet:9214|gemet:2912,2052,vlcs:sommatie_stoffen,,
skos:Concept,css:uranimine,Uranimine,Uranimine,coss:water,vlcs:sommatie_stoffen,gemet:9214|gemet:2912,862,vlcs:sommatie_stoffen,,
skos:Concept,css:v_mo,V mo,"Vanadium, multi opgelost",coss:water,vlcs:sommatie_stoffen,gemet:9214|gemet:2912,2053,vlcs:sommatie_stoffen,,
skos:Concept,css:vocl_i,VOCL i,Vluchtige OrganoChloor individueel,coss:water,vlcs:sommatie_stoffen,gemet:9214|gemet:2912,1747,vlcs:sommatie_stoffen,,
skos:Concept,css:vocl_t,VOCL t,Vluchtige OrganoChloorverbindingen Totaal,coss:water,vlcs:sommatie_stoffen,gemet:9214|gemet:2912,1736,vlcs:sommatie_stoffen,,
skos:Concept,css:vos,VOS,Vluchtige organische stoffen,coss:water,vlcs:sommatie_stoffen,gemet:9214|gemet:2912,1380,vlcs:sommatie_stoffen,,
skos:Concept,css:vox,VOX,Vluchtige organische halogeenverbindingen,coss:water,vlcs:sommatie_stoffen,gemet:9214|gemet:2912,892,vlcs:sommatie_stoffen,,
skos:Concept,css:vox_i,VOX i,Vluchtige Organische halogenen individueel,coss:water,vlcs:sommatie_stoffen,gemet:9214|gemet:2912,1750,vlcs:sommatie_stoffen,,
skos:Concept,css:w_mo,W mo,"Wolfraam, multi opgelost",coss:water,vlcs:sommatie_stoffen,gemet:9214|gemet:2912,2054,vlcs:sommatie_stoffen,,
skos:Concept,css:white-spirit,white-spirit,white-spirit,coss:water,vlcs:sommatie_stoffen,gemet:9214|gemet:2912,1757,vlcs:sommatie_stoffen,,
skos:Concept,css:xnmvos_t,XNMVOS t,"Gehalogeneerde NMVOS, totaal",coss:water,vlcs:sommatie_stoffen,gemet:9214|gemet:2912,1170,vlcs:sommatie_stoffen,,
skos:Concept,css:xyl__eybz,"(Xyl, EyBz)",Som van Xylenen en Ethylbenzeen,coss:water,vlcs:sommatie_stoffen,gemet:9214|gemet:2912,1738,vlcs:sommatie_stoffen,,
skos:Concept,css:xyl__styr,"(Xyl, Styr)","Som van o,p,m-xyleen + styreen",coss:water,vlcs:sommatie_stoffen,gemet:9214|gemet:2912,1718,vlcs:sommatie_stoffen,,
skos:Concept,css:y_mo,Y mo,"Yttrium, multi opgelost",coss:water,vlcs:sommatie_stoffen,gemet:9214|gemet:2912,2055,vlcs:sommatie_stoffen,,
skos:Concept,css:y_mt,Y mt,"Yttrium, multi totaal",coss:water,vlcs:sommatie_stoffen,gemet:9214|gemet:2912,1981,vlcs:sommatie_stoffen,,
skos:Concept,css:yb_mo,Yb mo,"Ytterbium, multi opgelost",coss:water,vlcs:sommatie_stoffen,gemet:9214|gemet:2912,2056,vlcs:sommatie_stoffen,,
skos:Concept,css:yb_mt,Yb mt,"Ytterbium, multi totaal",coss:water,vlcs:sommatie_stoffen,gemet:9214|gemet:2912,1982,vlcs:sommatie_stoffen,,
skos:Concept,css:zn_mo,Zn mo,"Zink, multi opgelost",coss:water,vlcs:sommatie_stoffen,gemet:9214|gemet:2912,2057,vlcs:sommatie_stoffen,,
skos:Concept,css:zr_mo,Zr mo,"Zirkonium, multi opgelost",coss:water,vlcs:sommatie_stoffen,gemet:9214|gemet:2912,2058,vlcs:sommatie_stoffen,,
skos:Concept,css:zs,ZS,Zwevende stoffen,coss:water,vlcs:sommatie_stoffen,gemet:9214|gemet:2912,113,vlcs:sommatie_stoffen,,
skos:Concept,css:zs_as,ZS as,"Zwevende stof, as",coss:water,vlcs:sommatie_stoffen,gemet:9214|gemet:2912,72,vlcs:sommatie_stoffen,,
skos:Concept,css:nox_no2,Nox_NO2,"stikstofoxiden (nox),
uitgedrukt als no2",coss:water,vlcs:sommatie_stoffen,gemet:9214|gemet:2912,,vlcs:sommatie_stoffen,,
skos:Concept,css:sb_as_pb_cr_co_cu_mn_ni_v_sn,Sb+As+Pb+Cr+Co+Cu+Mn+Ni+V+Sn,Sb+As+Pb+Cr+Co+Cu+Mn+Ni+V+Sn,coss:water,vlcs:sommatie_stoffen,gemet:9214|gemet:2912,,vlcs:sommatie_stoffen,,
skos:Concept,css:cd_tl,Cd+Tl,Cd + Tl,coss:water,vlcs:sommatie_stoffen,gemet:9214|gemet:2912,,vlcs:sommatie_stoffen,,
skos:Concept,css:as_co_ni_cd_se_cr.vi_sb_pb_cr.iii_cu_mn_v_sn,As+Co+Ni+Cd+Se+Cr(VI)+Sb+Pb+Cr(III)+Cu+Mn+V+Sn,som As+Co+Ni+Cd+Se+Cr(VI)+Sb+Pb+Cr(III)+Cu+Mn+V+Sn,coss:water,vlcs:sommatie_stoffen,gemet:9214|gemet:2912,,vlcs:sommatie_stoffen,,
skos:Concept,css:as_co_ni_cd_se_cr.vi,As+Co+Ni+Cd+Se+Cr(VI),som As + Co +Ni +Cd +Se + Cr(VI),coss:water,vlcs:sommatie_stoffen,gemet:9214|gemet:2912,,vlcs:sommatie_stoffen,,
skos:Concept,css:sb_pb_cr_cu_mn_v_sn,Sb+Pb+Cr+Cu+Mn+V+Sn,Sb + Pb + Cr + Cu + Mn + V + Sn,coss:water,vlcs:sommatie_stoffen,gemet:9214|gemet:2912,,vlcs:sommatie_stoffen,,
skos:Concept,css:sb_as_pb_cr_co_cu_mn_ni_v,Sb+As+Pb+Cr+Co+Cu+Mn+Ni+V,Sb+As+Pb+Cr+Co+Cu+Mn+Ni+V,coss:water,vlcs:sommatie_stoffen,gemet:9214|gemet:2912,,vlcs:sommatie_stoffen,,
skos:Concept,css:metalenenmetalloidenmetuitzonderingvankwik,metalenenmetalloidenmetuitzonderingvankwik,"metalen en metalloïden met uitzondering van
kwik (As, Cd, Co, Cr, Cu, Mn, Ni, Pb, Sb, Se, Tl,
V, Zn)",coss:water,vlcs:sommatie_stoffen,gemet:9214|gemet:2912,,vlcs:sommatie_stoffen,,
skos:Concept,css:sox_so2,Sox_SO2,"SOx, uitgedrukt als SO2",coss:water,vlcs:sommatie_stoffen,gemet:9214|gemet:2912,,vlcs:sommatie_stoffen,,
skos:Concept,css:pak_tot,PAK_tot,totaal gehalte aan PAK,coss:water,vlcs:sommatie_stoffen,gemet:9214|gemet:2912,,vlcs:sommatie_stoffen,,
skos:Concept,css:dioxinenenfuranen,dioxinenenfuranen,dioxinen en furanen,coss:water,vlcs:sommatie_stoffen,gemet:9214|gemet:2912,,vlcs:sommatie_stoffen,,
skos:Concept,css:dioxineachtigepcb,dioxineachtigePCB,dioxineachtige PCB's,coss:water,vlcs:sommatie_stoffen,gemet:9214|gemet:2912,,vlcs:sommatie_stoffen,,
skos:Concept,css:arseentrioxideenarseenpentoxide_as,arseentrioxideenarseenpentoxide_As,"arseentrioxide en arseenpentoxide, uitgedrukt in As",coss:water,vlcs:sommatie_stoffen,gemet:9214|gemet:2912,,vlcs:sommatie_stoffen,,
skos:Concept,css:trs,TRS,Totaal gereduceerde zwavel (TRS),coss:water,vlcs:sommatie_stoffen,gemet:9214|gemet:2912,,vlcs:sommatie_stoffen,,
skos:Concept,css:trs-s_so2-s,TRS-S+SO2-S,Gasvormige S (TRS-S + SO2-S),coss:water,vlcs:sommatie_stoffen,gemet:9214|gemet:2912,,vlcs:sommatie_stoffen,,
skos:Concept,css:ash3_sbh3,AsH3+SbH3,Som van AsH3 en SbH3,coss:water,vlcs:sommatie_stoffen,gemet:9214|gemet:2912,,vlcs:sommatie_stoffen,,
skos:Concept,css:som1_1_1-trichloorethaan_per-_tri-entetrachloorethyleen,"Som1,1,1-trichloorethaan,per-,tri-entetrachloorethyleen","1,1,1-trichloorethaan+ perchloorethyleen+ trichloorethyleen+tetrachloorethyleen",coss:water,vlcs:sommatie_stoffen,gemet:9214|gemet:2912,,vlcs:sommatie_stoffen,,
skos:Concept,css:1_2-dichloorethaan_vinylchloride,"1,2-dichloorethaan+vinylchloride","som van 1,2-dichloorethaan en vinylchloride",coss:water,vlcs:sommatie_stoffen,gemet:9214|gemet:2912,,vlcs:sommatie_stoffen,,
skos:ConceptScheme,vlcs:sommatie_stoffen,,Codelijst groeperingen en sommaties van chemische stoffen,,,,,,,
